steering_wheel_angle,,等效转角,,
-470.33 ,-0.436066453,-24.98476734,,13.63004083
-469.75 ,-0.435534496,-24.95428846,,13.63425592
-469.17 ,-0.435003095,-24.92384143,,13.63845921
-468.58 ,-0.434472579,-24.89344507,,13.64263912
-468.00 ,-0.433942945,-24.8630993,,13.64680612
-467.42 ,-0.433413866,-24.83278531,,13.65095343
-466.84 ,-0.432885342,-24.80250313,,13.65508593
-466.26 ,-0.4323577,-24.77227143,,13.65920296
-465.68 ,-0.431830937,-24.74209012,,13.66329903
-465.10 ,-0.431304727,-24.71194057,,13.66738388
-464.52 ,-0.430779396,-24.6818413,,13.67144746
-463.94 ,-0.430254619,-24.65177377,,13.67549955
-463.36 ,-0.429730396,-24.62173802,,13.6795317
-462.78 ,-0.429207049,-24.59175244,,13.68354964
-462.20 ,-0.428683936,-24.56178029,,13.68754978
-461.62 ,-0.428162018,-24.53187659,,13.69153787
-461.04 ,-0.427640336,-24.50198639,,13.69550708
-460.46 ,-0.427119527,-24.47214624,,13.69946319
-459.87 ,-0.426599273,-24.4423379,,13.70340258
-459.29 ,-0.426079891,-24.41257951,,13.7073294
-458.71 ,-0.425560749,-24.38283483,,13.71123844
-458.13 ,-0.425042478,-24.35314008,,13.71513385
-457.55 ,-0.424524448,-24.32345918,,13.71901199
-456.97 ,-0.42400729,-24.2938282,,13.7228804
-456.39 ,-0.423490689,-24.26422912,,13.72672631
-455.81 ,-0.422974645,-24.23466198,,13.73056642
-455.23 ,-0.422459158,-24.20512679,,13.73438624
-454.65 ,-0.421944231,-24.17562361,,13.73819507
-454.07 ,-0.421429862,-24.14615244,,13.74199054
-453.49 ,-0.420916052,-24.11671332,,13.74576703
-452.91 ,-0.420402802,-24.08730627,,13.74953293
-452.33 ,-0.419890113,-24.05793132,,13.75328302
-451.75 ,-0.419377984,-24.02858851,,13.7570223
-451.17 ,-0.41886611,-23.99926029,,13.76074206
-450.58 ,-0.418355105,-23.96998185,,13.76445423
-450.00 ,-0.417844357,-23.94071814,,13.76814837
-449.42 ,-0.417334173,-23.91148675,,13.7718347
-448.84 ,-0.416824553,-23.88228768,,13.77550101
-448.26 ,-0.416315195,-23.85310362,,13.7791593
-447.68 ,-0.415806404,-23.82395203,,13.78280081
-447.10 ,-0.415298179,-23.79483291,,13.78643235
-446.52 ,-0.414790522,-23.7657463,,13.79005115
-445.94 ,-0.414283133,-23.73667503,,13.7936547
-445.36 ,-0.413776313,-23.70763639,,13.79724605
-444.78 ,-0.413270063,-23.67863039,,13.80082624
-444.20 ,-0.412764085,-23.64964,,13.80439071
-443.62 ,-0.412258679,-23.62068237,,13.80794633
-443.04 ,-0.411753548,-23.59174053,,13.81148423
-442.46 ,-0.411248992,-23.56283158,,13.81501487
-441.87 ,-0.410744715,-23.53393861,,13.81853191
-441.29 ,-0.410241013,-23.50507865,,13.82203458
-440.71 ,-0.409737594,-23.47623486,,13.82552599
-440.13 ,-0.409234753,-23.44742419,,13.82900719
-439.55 ,-0.408731905,-23.41861312,,13.83247722
-438.97 ,-0.408229638,-23.38983535,,13.83594126
-438.39 ,-0.407727371,-23.36105754,,13.83939473
-437.81 ,-0.407225397,-23.33229656,,13.84284129
-437.23 ,-0.406723719,-23.30355255,,13.84627847
-436.65 ,-0.40622263,-23.27484221,,13.8497004
-436.07 ,-0.40572155,-23.2461325,,13.85311517
-435.49 ,-0.405221062,-23.21745663,,13.8565197
-434.91 ,-0.40472059,-23.18878171,,13.85991246
-434.33 ,-0.404220712,-23.16014081,,13.8632948
-433.75 ,-0.403721143,-23.13151757,,13.86666704
-433.17 ,-0.403221883,-23.10291211,,13.87002866
-432.58 ,-0.402722652,-23.07430826,,13.87338077
-432.00 ,-0.40222402,-23.04573878,,13.87671684
-431.42 ,-0.401725705,-23.01718744,,13.88004957
-430.84 ,-0.40122771,-22.98865438,,13.8833642
-430.26 ,-0.400730035,-22.96013971,,13.88667534
-429.68 ,-0.400232683,-22.93164355,,13.8899708
-429.10 ,-0.399735656,-22.90316602,,13.89325997
-428.52 ,-0.399238677,-22.87469121,,13.89653516
-427.94 ,-0.398742308,-22.84625134,,13.89980202
-427.36 ,-0.39824627,-22.81783046,,13.90305395
-426.78 ,-0.397750287,-22.78941275,,13.90630267
-426.20 ,-0.397254641,-22.76101434,,13.90953363
-425.62 ,-0.396759611,-22.73265117,,13.91276123
-425.04 ,-0.396264644,-22.70429165,,13.91597353
-424.46 ,-0.395769744,-22.67593598,,13.91917892
-423.87 ,-0.395275465,-22.64761587,,13.92236956
-423.29 ,-0.394781258,-22.61929991,,13.9255558
-422.71 ,-0.394287401,-22.591004,,13.92872831
-422.13 ,-0.393793896,-22.56272824,,13.9318897
-421.55 ,-0.393300744,-22.53447273,,13.93504449
-420.97 ,-0.392807677,-22.50622205,,13.9381853
-420.39 ,-0.392314697,-22.4779764,,13.94131935
-419.81 ,-0.39182235,-22.44976696,,13.94444391
-419.23 ,-0.391330095,-22.42156284,,13.9475542
-418.65 ,-0.390838206,-22.39337965,,13.95065949
-418.07 ,-0.390346415,-22.36520215,,13.9537517
-417.49 ,-0.389854996,-22.33704587,,13.95683677
-416.91 ,-0.389363681,-22.30889562,,13.95991121
-416.33 ,-0.388872742,-22.28076687,,13.96297438
-415.75 ,-0.388381914,-22.2526445,,13.96602874
-415.16 ,-0.387891466,-22.2245439,,13.96907367
-414.58 ,-0.387401135,-22.19645002,,13.97211036
-414.00 ,-0.386910926,-22.16836308,,13.97513399
-413.42 ,-0.386421104,-22.14029835,,13.97814997
-412.84 ,-0.385931671,-22.11225593,,13.98115748
-412.26 ,-0.385442368,-22.08422091,,13.98415442
-411.68 ,-0.384953197,-22.0561935,,13.98714074
-411.10 ,-0.384464163,-22.0281739,,13.99012038
-410.52 ,-0.383975528,-22.0001772,,13.99308924
-409.94 ,-0.383486776,-21.97217379,,13.99605201
-409.36 ,-0.382998689,-21.94420842,,13.99899904
-408.78 ,-0.382510491,-21.91623674,,14.00194392
-408.20 ,-0.382022703,-21.88828854,,14.00487288
-407.62 ,-0.381534812,-21.86033449,,14.00779752
-407.04 ,-0.381047338,-21.83240424,,14.01070813
-406.46 ,-0.380560024,-21.80448324,,14.01361428
-405.87 ,-0.380072876,-21.77657168,,14.01650901
-405.29 ,-0.379586149,-21.74868432,,14.01939638
-404.71 ,-0.37909934,-21.72079219,,14.02227217
-404.13 ,-0.378612705,-21.69291007,,14.02514045
-403.55 ,-0.378126501,-21.66505262,,14.02799909
-402.97 ,-0.377640225,-21.63719106,,14.03084797
-402.39 ,-0.377154385,-21.60935448,,14.03368989
-401.81 ,-0.376668481,-21.58151423,,14.03652119
-401.23 ,-0.376183018,-21.55369926,,14.03934327
-400.65 ,-0.375697499,-21.52588106,,14.0421567
-400.07 ,-0.375212177,-21.49807418,,14.04495865
-399.49 ,-0.374727305,-21.47029302,,14.04775675
-398.91 ,-0.374242387,-21.44250929,,14.05054038
-398.33 ,-0.373757676,-21.41473741,,14.05331791
-397.75 ,-0.373273176,-21.38697758,,14.05608292
-397.16 ,-0.372788888,-21.35922996,,14.0588417
-396.58 ,-0.372304572,-21.33148069,,14.06158781
-396.00 ,-0.371820721,-21.30375807,,14.06433042
-395.42 ,-0.371336849,-21.27603422,,14.06705733
-394.84 ,-0.370853203,-21.24832335,,14.06978061
-394.26 ,-0.370370029,-21.22063954,,14.07248438
-393.68 ,-0.369887087,-21.192969,,14.07518149
-393.10 ,-0.369404138,-21.16529805,,14.07786977
-392.52 ,-0.368921187,-21.13762697,,14.08054909
-391.94 ,-0.368438718,-21.10998356,,14.08322304
-391.36 ,-0.367956254,-21.08234043,,14.08588069
-390.78 ,-0.3674738,-21.05469784,,14.08853644
-390.20 ,-0.366991599,-21.02706972,,14.09118084
-389.62 ,-0.366509415,-20.99944262,,14.09381812
-389.04 ,-0.36602749,-20.97183038,,14.09644612
-388.46 ,-0.365545592,-20.94421961,,14.09906756
-387.87 ,-0.365063959,-20.91662411,,14.10167666
-387.29 ,-0.36458236,-20.88903053,,14.10428355
-386.71 ,-0.3641008,-20.86143914,,14.10687864
-386.13 ,-0.363619516,-20.83386362,,14.10946624
-385.55 ,-0.363138045,-20.80627735,,14.11203896
-384.97 ,-0.362657091,-20.77872074,,14.11461443
-384.39 ,-0.362175959,-20.75115391,,14.11717262
-383.81 ,-0.361695118,-20.72360376,,14.11972756
-383.23 ,-0.36121434,-20.6960572,,14.12226802
-382.65 ,-0.360733629,-20.66851448,,14.12480807
-382.07 ,-0.36025299,-20.64097586,,14.12733577
-381.49 ,-0.359772426,-20.61344157,,14.12985772
-380.91 ,-0.359292171,-20.58592499,,14.13236647
-380.33 ,-0.358811771,-20.5584001,,14.13487303
-379.75 ,-0.358331687,-20.53089333,,14.13736854
-379.16 ,-0.357851468,-20.50337881,,14.13985577
-378.58 ,-0.357371573,-20.47588284,,14.14233549
-378.00 ,-0.356891552,-20.44837966,,14.14480913
-377.42 ,-0.356411636,-20.42088252,,14.14726913
-376.84 ,-0.35593183,-20.39339167,,14.14972592
-376.26 ,-0.355452363,-20.3659202,,14.15217427
-375.68 ,-0.354972564,-20.33842979,,14.15461698
-375.10 ,-0.354493113,-20.31095922,,14.15704811
-374.52 ,-0.354013564,-20.28348313,,14.1594728
-373.94 ,-0.353534148,-20.25601457,,14.16188949
-373.36 ,-0.353054866,-20.22855377,,14.16429962
-372.78 ,-0.352575503,-20.2010883,,14.16669789
-372.20 ,-0.352096285,-20.17363111,,14.16909795
-371.62 ,-0.351617215,-20.14618243,,14.17148368
-371.04 ,-0.35113786,-20.11871738,,14.17386499
-370.45 ,-0.350658881,-20.09127394,,14.17623795
-369.87 ,-0.350179628,-20.06381477,,14.17860878
-369.29 ,-0.349700543,-20.0363652,,14.180965
-368.71 ,-0.349221412,-20.00891303,,14.18331968
-368.13 ,-0.348742458,-19.98147096,,14.18566509
-367.55 ,-0.348263468,-19.95402685,,14.18800889
-366.97 ,-0.347784232,-19.92656869,,14.19034263
-366.39 ,-0.347305188,-19.89912148,,14.19267225
-365.81 ,-0.346826125,-19.87167317,,14.1949917
-365.23 ,-0.346347048,-19.84422407,,14.19730936
-364.65 ,-0.345867962,-19.81677448,,14.19961742
-364.07 ,-0.345388873,-19.78932472,,14.20192605
-363.49 ,-0.344909787,-19.76187508,,14.20422186
-362.91 ,-0.344430496,-19.73441378,,14.20651571
-362.33 ,-0.343951431,-19.70696533,,14.20879907
-361.75 ,-0.343472173,-19.67950588,,14.21108285
-361.16 ,-0.34299273,-19.65203582,,14.21335671
-360.58 ,-0.342513526,-19.62457949,,14.21563094
-360.00 ,-0.342034149,-19.5971132,,14.21789447
-359.42 ,-0.341554813,-19.56964925,,14.22015581
-358.84 ,-0.341075315,-19.54217606,,14.22240634
-358.26 ,-0.34059587,-19.51470586,,14.2246571
-357.68 ,-0.340116276,-19.48722713,,14.22690011
-357.10 ,-0.339636745,-19.45975203,,14.22914079
-356.52 ,-0.339157077,-19.43226909,,14.23137044
-355.94 ,-0.338677279,-19.4047787,,14.23360019
-355.36 ,-0.338197561,-19.37729292,,14.23581881
-354.78 ,-0.337717726,-19.34980037,,14.23804066
-354.20 ,-0.337237982,-19.32231304,,14.24025531
-353.62 ,-0.336757929,-19.29480806,,14.24245613
-353.04 ,-0.33627798,-19.26730897,,14.24466263
-352.45 ,-0.335797937,-19.23980455,,14.2468552
-351.87 ,-0.335317807,-19.21229515,,14.24904696
-351.29 ,-0.334837597,-19.18478114,,14.25123368
-350.71 ,-0.334357313,-19.15726289,,14.2534144
-350.13 ,-0.33387716,-19.12975215,,14.25558609
-349.55 ,-0.333396746,-19.10222645,,14.25776076
-348.97 ,-0.332916277,-19.07469759,,14.25992112
-348.39 ,-0.332435758,-19.04716591,,14.26208374
-347.81 ,-0.331955197,-19.01963178,,14.26423454
-347.23 ,-0.331474599,-18.99209555,,14.26638821
-346.65 ,-0.330993775,-18.96454635,,14.26852667
-346.07 ,-0.330513122,-18.93700699,,14.27067056
-345.49 ,-0.330032257,-18.90945542,,14.27279979
-344.91 ,-0.329551186,-18.88189209,,14.2749311
-344.33 ,-0.329070304,-18.8543396,,14.27705357
-343.75 ,-0.32858923,-18.82677608,,14.27916949
-343.16 ,-0.328108164,-18.79921301,,14.2812824
-342.58 ,-0.327626919,-18.77163972,,14.28338802
-342.00 ,-0.327145695,-18.74406759,,14.28548788
-341.42 ,-0.326664497,-18.71649698,,14.28758101
-340.84 ,-0.32618314,-18.6889173,,14.28966763
-340.26 ,-0.325701823,-18.66133985,,14.29175343
-339.68 ,-0.325220361,-18.63375412,,14.29382662
-339.10 ,-0.324738762,-18.60616053,,14.29590159
-338.52 ,-0.324257222,-18.57857028,,14.2979645
-337.94 ,-0.323775557,-18.55097293,,14.30002577
-337.36 ,-0.323293963,-18.52337961,,14.30208093
-336.78 ,-0.322812072,-18.49576929,,14.3041283
-336.20 ,-0.322330264,-18.46816376,,14.30616945
-335.62 ,-0.321848361,-18.44055272,,14.30820883
-335.04 ,-0.321366368,-18.41293657,,14.31024191
-334.45 ,-0.320884293,-18.38531571,,14.312267
-333.87 ,-0.320402143,-18.35769055,,14.31428844
-333.29 ,-0.319919925,-18.33006148,,14.31630522
-332.71 ,-0.319437463,-18.30241843,,14.31831208
-332.13 ,-0.318955129,-18.27478276,,14.32032037
-331.55 ,-0.318472748,-18.24714436,,14.32231523
-330.97 ,-0.317990145,-18.21949325,,14.32431145
-330.39 ,-0.317507509,-18.19184025,,14.32629755
-329.81 ,-0.317024667,-18.16417544,,14.32828496
-329.23 ,-0.316541986,-18.13651985,,14.33025871
-328.65 ,-0.316058934,-18.10884301,,14.3322337
-328.07 ,-0.315576057,-18.08117616,,14.33419836
-327.49 ,-0.315092824,-18.053489,,14.33616073
-326.91 ,-0.314609602,-18.02580241,,14.33811614
-326.33 ,-0.314126397,-17.99811676,,14.3400692
-325.74 ,-0.313643038,-17.97042233,,14.34201107
-325.16 ,-0.313159533,-17.94271956,,14.34395465
-324.58 ,-0.312675891,-17.91500892,,14.34588693
-324.00 ,-0.312192294,-17.88730087,,14.34781735
-323.42 ,-0.311708401,-17.8595758,,14.34974275
-322.84 ,-0.311224567,-17.83185417,,14.35166271
-322.26 ,-0.310740626,-17.8041264,,14.35357179
-321.68 ,-0.310256413,-17.77638304,,14.35548464
-321.10 ,-0.309772282,-17.74864435,,14.35738652
-320.52 ,-0.309287895,-17.72089102,,14.35928568
-319.94 ,-0.308803432,-17.69313337,,14.36117666
-319.36 ,-0.308318902,-17.66537184,,14.3630684
-318.78 ,-0.307834312,-17.63760686,,14.36494895
-318.20 ,-0.307349499,-17.60982914,,14.36682957
-317.62 ,-0.306864642,-17.58204889,,14.36869888
-317.04 ,-0.30637958,-17.55425687,,14.37056883
-316.45 ,-0.305894489,-17.52646321,,14.37243032
-315.87 ,-0.30540921,-17.49865875,,14.3742888
-315.29 ,-0.304923751,-17.47084399,,14.37613872
-314.71 ,-0.304438287,-17.44302897,,14.37798916
-314.13 ,-0.30395266,-17.41520458,,14.37983095
-313.55 ,-0.303467044,-17.38738082,,14.38166958
-312.97 ,-0.302981115,-17.35953917,,14.38349946
-312.39 ,-0.302495049,-17.33168966,,14.38532974
-311.81 ,-0.302009019,-17.30384214,,14.38715418
-311.23 ,-0.301522703,-17.27597832,,14.38897232
-310.65 ,-0.301036276,-17.24810807,,14.39078516
-310.07 ,-0.300549744,-17.22023189,,14.39259463
-309.49 ,-0.300063118,-17.19235025,,14.39439442
-308.91 ,-0.299576405,-17.16446364,,14.39619506
-308.33 ,-0.299089452,-17.1365633,,14.39798594
-307.74 ,-0.29860243,-17.10865898,,14.39977697
-307.16 ,-0.298115187,-17.080742,,14.40155878
-306.58 ,-0.297627891,-17.05282203,,14.40333697
-306.00 ,-0.297140393,-17.02489043,,14.40511262
-305.42 ,-0.296652701,-16.99694775,,14.4068846
-304.84 ,-0.296164983,-16.96900358,,14.40864716
-304.26 ,-0.29567709,-16.94104935,,14.4104097
-303.68 ,-0.29518903,-16.9130856,,14.41215896
-303.10 ,-0.294700814,-16.88511287,,14.41391126
-302.52 ,-0.29421245,-16.85713169,,14.41565392
-301.94 ,-0.293723948,-16.82914258,,14.41739958
-301.36 ,-0.293235162,-16.80113721,,14.41913237
-300.78 ,-0.292746412,-16.77313385,,14.42086749
-300.20 ,-0.292257396,-16.74511533,,14.42258962
-299.62 ,-0.29176828,-16.71709102,,14.42431465
-299.04 ,-0.291279071,-16.68906143,,14.42602975
-298.45 ,-0.290789627,-16.66101836,,14.42774772
-297.87 ,-0.290299958,-16.6329624,,14.42945185
-297.29 ,-0.289810226,-16.60490279,,14.43115559
-296.71 ,-0.289320438,-16.57684004,,14.4328524
-296.13 ,-0.288830304,-16.54875744,,14.43455198
-295.55 ,-0.288340135,-16.52067279,,14.4362375
-294.97 ,-0.28784964,-16.4925695,,14.43792635
-294.39 ,-0.287359128,-16.46446526,,14.43960426
-293.81 ,-0.286868461,-16.43635207,,14.4412816
-293.23 ,-0.286377499,-16.40822202,,14.44294788
-292.65 ,-0.285886401,-16.3800842,,14.44462066
-292.07 ,-0.285395178,-16.35193917,,14.44627903
-291.49 ,-0.284903838,-16.32378748,,14.44793671
-290.91 ,-0.284412246,-16.29562134,,14.44958702
-290.33 ,-0.283920558,-16.26744969,,14.45123986
-289.74 ,-0.283428639,-16.2392648,,14.45288304
-289.16 ,-0.282936644,-16.21107555,,14.45452265
-288.58 ,-0.282444294,-16.182866,,14.45616081
-288.00 ,-0.281951889,-16.15465328,,14.45778807
-287.42 ,-0.281459295,-16.12642973,,14.4594138
-286.84 ,-0.280966523,-16.09819598,,14.46103582
-286.26 ,-0.280473584,-16.06995262,,14.46265291
-285.68 ,-0.279980346,-16.04169215,,14.46426622
-285.10 ,-0.279487103,-16.01343142,,14.46587451
-284.52 ,-0.278993583,-15.98515484,,14.46747435
-283.94 ,-0.278499939,-15.9568711,,14.46907709
-283.36 ,-0.278006041,-15.92857281,,14.47067189
-282.78 ,-0.277512039,-15.9002686,,14.47226153
-282.20 ,-0.277017667,-15.87194318,,14.47384656
-281.62 ,-0.276523352,-15.84362101,,14.47543036
-281.03 ,-0.27602869,-15.81527895,,14.47700605
-280.45 ,-0.27553383,-15.78692558,,14.47857985
-279.87 ,-0.275038921,-15.75856938,,14.48014605
-279.29 ,-0.2745437,-15.73019532,,14.48171374
-278.71 ,-0.274048316,-15.70181189,,14.48326969
-278.13 ,-0.273552644,-15.67341199,,14.48482769
-277.55 ,-0.273056967,-15.64501176,,14.4863773
-276.97 ,-0.272561025,-15.61659637,,14.48792483
-276.39 ,-0.27206483,-15.58816653,,14.48946799
-275.81 ,-0.271568396,-15.55972294,,14.49100901
-275.23 ,-0.271071867,-15.53127391,,14.49253794
-274.65 ,-0.270575121,-15.50281247,,14.49407231
-274.07 ,-0.270078171,-15.47433931,,14.4955945
-273.49 ,-0.269581028,-15.44585512,,14.49711795
-272.91 ,-0.269083573,-15.41735308,,14.49863325
-272.33 ,-0.268586081,-15.38884889,,14.50014977
-271.74 ,-0.268088302,-15.36032825,,14.50165388
-271.16 ,-0.267590249,-15.33179192,,14.50315976
-270.58 ,-0.267092064,-15.30324802,,14.50466029
-270.00 ,-0.26659363,-15.27468986,,14.50615477
-269.42 ,-0.266095088,-15.24612551,,14.50764801
-268.84 ,-0.265596194,-15.21754099,,14.50913511
-268.26 ,-0.265097217,-15.18895169,,14.5106167
-267.68 ,-0.26459804,-15.16035098,,14.5120963
-267.10 ,-0.264098551,-15.13173236,,14.5135703
-266.52 ,-0.263598889,-15.10310382,,14.51504225
-265.94 ,-0.263098941,-15.07445889,,14.51650426
-265.36 ,-0.262598845,-15.04580551,,14.51797209
-264.78 ,-0.262098613,-15.01714437,,14.51942623
-264.20 ,-0.261598011,-14.98846197,,14.52088186
-263.62 ,-0.2610973,-14.95977331,,14.52233166
-263.03 ,-0.260596368,-14.93107202,,14.52377922
-262.45 ,-0.260095106,-14.90235185,,14.52522088
-261.87 ,-0.259593773,-14.8736276,,14.52666395
-261.29 ,-0.259092138,-14.84488603,,14.52809298
-260.71 ,-0.258590215,-14.81612795,,14.52952336
-260.13 ,-0.258088139,-14.78736109,,14.53094827
-259.55 ,-0.257585922,-14.75858618,,14.5323739
-258.97 ,-0.257083338,-14.72979025,,14.53378584
-258.39 ,-0.256580641,-14.70098782,,14.53519843
-257.81 ,-0.256077605,-14.67216601,,14.5366092
-257.23 ,-0.255574365,-14.64333247,,14.53801297
-256.65 ,-0.255070934,-14.61448799,,14.53941486
-256.07 ,-0.254567325,-14.58563333,,14.54081349
-255.49 ,-0.254063319,-14.55675588,,14.5422019
-254.91 ,-0.25355928,-14.52787659,,14.54359527
-254.33 ,-0.253054873,-14.49897619,,14.54497833
-253.74 ,-0.252550229,-14.47006223,,14.54636245
-253.16 ,-0.252045363,-14.44113553,,14.54774005
-252.58 ,-0.251540289,-14.41219692,,14.54911028
-252.00 ,-0.251035021,-14.38324721,,14.55048228
-251.42 ,-0.25052946,-14.35428071,,14.55184685
-250.84 ,-0.250023622,-14.3252983,,14.55320469
-250.26 ,-0.249517634,-14.29630732,,14.55456346
-249.68 ,-0.249011285,-14.26729568,,14.55591543
-249.10 ,-0.248504816,-14.23827717,,14.55726828
-248.52 ,-0.247998018,-14.20923978,,14.55861427
-247.94 ,-0.247491018,-14.18019082,,14.55996109
-247.36 ,-0.24698372,-14.15112478,,14.56129239
-246.78 ,-0.24647614,-14.1220426,,14.56263304
-246.20 ,-0.245968404,-14.09295147,,14.56396208
-245.62 ,-0.245460418,-14.06384596,,14.56529185
-245.03 ,-0.244952086,-14.03472074,,14.56661045
-244.45 ,-0.244443537,-14.00558297,,14.56793378
-243.87 ,-0.243934783,-13.97643357,,14.56924585
-243.29 ,-0.243425735,-13.94726723,,14.57056261
-242.71 ,-0.242916407,-13.91808492,,14.5718721
-242.13 ,-0.242406924,-13.88889369,,14.57318219
-241.55 ,-0.241897088,-13.85968222,,14.57447611
-240.97 ,-0.241387022,-13.83045759,,14.57577937
-240.39 ,-0.240876637,-13.80121468,,14.57707047
-239.81 ,-0.240366055,-13.77196049,,14.57836206
-239.23 ,-0.239855292,-13.74269594,,14.57964609
-238.65 ,-0.239344156,-13.71341001,,14.58093531
-238.07 ,-0.238832769,-13.68410967,,14.58221215
-237.49 ,-0.238321147,-13.6547959,,14.58348937
-236.91 ,-0.237809205,-13.62546375,,14.5847583
-236.32 ,-0.237297062,-13.59612013,,14.58602813
-235.74 ,-0.236784633,-13.56676013,,14.58729437
-235.16 ,-0.236271835,-13.53737896,,14.58855611
-234.58 ,-0.235758888,-13.50798925,,14.58981051
-234.00 ,-0.235245707,-13.47858618,,14.59106883
-233.42 ,-0.234732111,-13.44915925,,14.59231975
-232.84 ,-0.234218416,-13.41972673,,14.593566
-232.26 ,-0.233704342,-13.39027245,,14.59480846
-231.68 ,-0.233190006,-13.36080319,,14.59604675
-231.10 ,-0.232675427,-13.33131998,,14.59728117
-230.52 ,-0.232160524,-13.30181822,,14.59852002
-229.94 ,-0.231645317,-13.27229901,,14.59974628
-229.36 ,-0.231129921,-13.24276898,,14.60096763
-228.78 ,-0.230614257,-13.21322361,,14.60218992
-228.20 ,-0.230098247,-13.18365842,,14.6034122
-227.62 ,-0.229582007,-13.15408005,,14.60462107
-227.03 ,-0.22906546,-13.12448407,,14.60583426
-226.45 ,-0.228548624,-13.09487159,,14.60703948
-225.87 ,-0.22803152,-13.06524372,,14.60824845
-225.29 ,-0.227514167,-13.03560155,,14.60944433
-224.71 ,-0.226996489,-13.00594079,,14.61064003
-224.13 ,-0.2264786,-12.97626794,,14.61183145
-223.55 ,-0.225960333,-12.94657343,,14.61302265
-222.97 ,-0.225441801,-12.91686374,,14.61420501
-222.39 ,-0.224923025,-12.88714002,,14.61539159
-221.81 ,-0.22440393,-12.85739811,,14.61656926
-221.23 ,-0.223884539,-12.8276392,,14.61775114
-220.65 ,-0.223364872,-12.79786445,,14.61891945
-220.07 ,-0.222844948,-12.76807502,,14.62008679
-219.49 ,-0.222324698,-12.7382669,,14.62125474
-218.91 ,-0.221804233,-12.70844644,,14.6224171
-218.32 ,-0.221283394,-12.67860453,,14.62357077
-217.74 ,-0.220762291,-12.64874754,,14.62472801
-217.16 ,-0.220240857,-12.61887158,,14.62588113
-216.58 ,-0.219719202,-12.58898294,,14.62702849
-216.00 ,-0.21919717,-12.55907273,,14.62816641
-215.42 ,-0.218674872,-12.52914725,,14.62931832
-214.84 ,-0.218152328,-12.49920771,,14.63045078
-214.26 ,-0.217629474,-12.46925036,,14.63158727
-213.68 ,-0.217106245,-12.43927155,,14.63271413
-213.10 ,-0.216582836,-12.40928239,,14.63384025
-212.52 ,-0.216059011,-12.37926943,,14.63496137
-211.94 ,-0.215534963,-12.34924374,,14.63608649
-211.36 ,-0.215010547,-12.31919689,,14.63720178
-210.78 ,-0.214485868,-12.28913502,,14.63831623
-210.20 ,-0.21396095,-12.25905941,,14.63942555
-209.62 ,-0.213435647,-12.2289618,,14.64053397
-209.03 ,-0.212910068,-12.19884829,,14.64163719
-208.45 ,-0.212384151,-12.16871549,,14.64273946
-207.87 ,-0.211858003,-12.13856944,,14.64383102
-207.29 ,-0.211331484,-12.1084021,,14.64492699
-206.71 ,-0.210804698,-12.07821951,,14.64601761
-206.13 ,-0.210277589,-12.04801837,,14.64710717
-205.55 ,-0.2097501,-12.01779547,,14.64818581
-204.97 ,-0.209222416,-11.98756141,,14.6492688
-204.39 ,-0.208694321,-11.9573038,,14.65034629
-203.81 ,-0.20816592,-11.92702868,,14.65142205
-203.23 ,-0.207637238,-11.89673743,,14.65249277
-202.65 ,-0.207108221,-11.86642697,,14.65356728
-202.07 ,-0.206578893,-11.83609873,,14.65462552
-201.49 ,-0.206049281,-11.80575416,,14.65569309
-200.91 ,-0.205519331,-11.77539025,,14.65674424
-200.32 ,-0.204989069,-11.74500847,,14.65780472
-199.74 ,-0.204458444,-11.71460593,,14.65884863
-199.16 ,-0.203927559,-11.68418847,,14.659907
-198.58 ,-0.203396288,-11.65374888,,14.66094354
-198.00 ,-0.202864733,-11.62329303,,14.66199457
-197.42 ,-0.202332845,-11.59281809,,14.66302875
-196.84 ,-0.201800651,-11.5623256,,14.66406657
-196.26 ,-0.201268177,-11.53181708,,14.66509309
-195.68 ,-0.200735302,-11.50128558,,14.66612322
-195.10 ,-0.2002022,-11.47074111,,14.66714192
-194.52 ,-0.199668679,-11.44017263,,14.66816418
-193.94 ,-0.199134841,-11.40958594,,14.66918019
-193.36 ,-0.198600712,-11.37898262,,14.67019974
-192.78 ,-0.198066249,-11.34836011,,14.67120765
-192.20 ,-0.197531478,-11.31772003,,14.67221321
-191.61 ,-0.196996358,-11.28705991,,14.67321284
-191.03 ,-0.196460917,-11.25638139,,14.67421594
-190.45 ,-0.195925183,-11.2256861,,14.6752066
-189.87 ,-0.195389115,-11.19497166,,14.67620121
-189.29 ,-0.194852672,-11.16423574,,14.67718921
-188.71 ,-0.194315885,-11.13348008,,14.67817464
-188.13 ,-0.193778782,-11.10270635,,14.67915934
-187.55 ,-0.193241393,-11.07191624,,14.68013596
-186.97 ,-0.192703679,-11.04110752,,14.68111176
-186.39 ,-0.192165603,-11.01027803,,14.68208489
-185.81 ,-0.191627128,-10.97942567,,14.68305163
-185.23 ,-0.191088419,-10.94855992,,14.68402168
-184.65 ,-0.190549306,-10.91767101,,14.68497864
-184.07 ,-0.190009886,-10.88676456,,14.685945
-183.49 ,-0.189470126,-10.85583856,,14.68689867
-182.91 ,-0.188930055,-10.8248948,,14.68784944
-182.32 ,-0.188389641,-10.79393135,,14.68879917
-181.74 ,-0.187848851,-10.76294633,,14.68975214
-181.16 ,-0.18730778,-10.73194529,,14.69069215
-180.58 ,-0.186766334,-10.70092269,,14.69163535
-180.00 ,-0.186224545,-10.66988045,,14.69257117
-179.42 ,-0.185682445,-10.63882043,,14.69351016
-178.84 ,-0.185140005,-10.60774089,,14.6944359
-178.26 ,-0.184597195,-10.57664017,,14.69536475
-177.68 ,-0.184054049,-10.54552019,,14.69629236
-177.10 ,-0.183510539,-10.51437936,,14.69721673
-176.52 ,-0.182966699,-10.48321963,,14.69813394
-175.94 ,-0.182422563,-10.45204295,,14.69906011
-175.36 ,-0.181878044,-10.42084431,,14.69996623
-174.78 ,-0.181333177,-10.38962572,,14.7008818
-174.20 ,-0.180787937,-10.35838576,,14.70178951
-173.61 ,-0.180242419,-10.32712989,,14.70270672
-173.03 ,-0.17969648,-10.2958499,,14.70360353
-172.45 ,-0.179150275,-10.26455464,,14.70450932
-171.87 ,-0.178603663,-10.23323607,,14.70540756
-171.29 ,-0.178056681,-10.20189631,,14.70630879
-170.71 ,-0.177509423,-10.17054079,,14.70719528
-170.13 ,-0.176961755,-10.13916167,,14.70809129
-169.55 ,-0.176413769,-10.10776443,,14.70897293
-168.97 ,-0.175865391,-10.07634466,,14.70987025
-168.39 ,-0.175316714,-10.04490781,,14.71074642
-167.81 ,-0.174767664,-10.01344957,,14.71163164
-167.23 ,-0.17421828,-9.981972166,,14.71250891
-166.65 ,-0.173668489,-9.950471448,,14.71338905
-166.07 ,-0.173118386,-9.918952851,,14.71426063
-165.49 ,-0.172567899,-9.887412318,,14.71513505
-164.90 ,-0.172017071,-9.855852144,,14.71599447
-164.32 ,-0.171465884,-9.824271507,,14.716863
-163.74 ,-0.170914381,-9.792672707,,14.71772962
-163.16 ,-0.170362494,-9.76105192,,14.71858577
-162.58 ,-0.169810212,-9.72940848,,14.71943989
-162.00 ,-0.169257629,-9.697747795,,14.72029626
-161.42 ,-0.168704629,-9.666063201,,14.7211441
-160.84 ,-0.168151306,-9.634360128,,14.72199464
-160.26 ,-0.167597598,-9.602635041,,14.72283606
-159.68 ,-0.16704355,-9.570890401,,14.72368716
-159.10 ,-0.166489152,-9.539125722,,14.72452201
-158.52 ,-0.165934396,-9.507340568,,14.72535947
-157.94 ,-0.165379226,-9.475531676,,14.72619466
-157.36 ,-0.164823737,-9.443704471,,14.72703249
-156.78 ,-0.164267872,-9.411855764,,14.7278537
-156.20 ,-0.163711627,-9.379985302,,14.72868463
-155.61 ,-0.163155048,-9.34809568,,14.72949924
-155.03 ,-0.162598083,-9.316183896,,14.73032986
-154.45 ,-0.162040728,-9.284249833,,14.7311445
-153.87 ,-0.161483031,-9.252296157,,14.73196117
-153.29 ,-0.160924991,-9.220322779,,14.73277529
-152.71 ,-0.160366558,-9.188326944,,14.73358457
-152.13 ,-0.159807734,-9.156308702,,14.73438433
-151.55 ,-0.159248567,-9.12427081,,14.73519341
-150.97 ,-0.158689013,-9.092210693,,14.7359924
-150.39 ,-0.158129119,-9.060131149,,14.73679379
-149.81 ,-0.157568798,-9.028027105,,14.73758495
-149.23 ,-0.157008145,-8.995904049,,14.73838297
-148.65 ,-0.156447119,-8.96375963,,14.73916988
-148.07 ,-0.155885681,-8.931591611,,14.73995986
-147.49 ,-0.155323927,-8.899405476,,14.74074086
-146.90 ,-0.154761731,-8.867193998,,14.74152414
-146.32 ,-0.154199189,-8.834962714,,14.7422983
-145.74 ,-0.153636309,-8.802712081,,14.7430827
-145.16 ,-0.153073014,-8.770437655,,14.74384846
-144.58 ,-0.152509315,-8.738140065,,14.74462368
-144.00 ,-0.151945265,-8.705822404,,14.74538589
-143.42 ,-0.151380876,-8.673485309,,14.74615622
-142.84 ,-0.150816035,-8.641122263,,14.74691255
-142.26 ,-0.150250879,-8.608741254,,14.74767702
-141.68 ,-0.1496853,-8.57633593,,14.7484281
-141.10 ,-0.149119353,-8.543909543,,14.74918733
-140.52 ,-0.148553013,-8.511460656,,14.74993301
-139.94 ,-0.147986297,-8.478990232,,14.75068681
-139.36 ,-0.147419182,-8.446496972,,14.75142613
-138.78 ,-0.146851728,-8.413984212,,14.75217438
-138.20 ,-0.146283833,-8.381446226,,14.75290797
-137.61 ,-0.145715597,-8.348888703,,14.75365128
-137.03 ,-0.145146962,-8.316308335,,14.75437975
-136.45 ,-0.144577951,-8.283706381,,14.75511637
-135.87 ,-0.144008508,-8.251079744,,14.75583874
-135.29 ,-0.143438735,-8.218434161,,14.7565701
-134.71 ,-0.142868542,-8.185764489,,14.75728782
-134.13 ,-0.142297954,-8.153072212,,14.75801376
-133.55 ,-0.141726998,-8.12035883,,14.75872425
-132.97 ,-0.141155627,-8.087621655,,14.7594446
-132.39 ,-0.140583905,-8.054864399,,14.76015011
-131.81 ,-0.140011752,-8.022082454,,14.76086466
-131.23 ,-0.139439234,-7.989279624,,14.76156422
-130.65 ,-0.138866311,-7.956453556,,14.7622728
-130.07 ,-0.138292979,-7.923604059,,14.76296705
-129.49 ,-0.137719271,-7.890733013,,14.76366953
-128.90 ,-0.137145186,-7.857840326,,14.76435831
-128.32 ,-0.136570688,-7.82492401,,14.76505702
-127.74 ,-0.135995779,-7.791984163,,14.76574016
-127.16 ,-0.135420496,-7.759022887,,14.76643243
-126.58 ,-0.134844809,-7.726038453,,14.76711148
-126.00 ,-0.134268723,-7.693031164,,14.76779885
-125.42 ,-0.133692245,-7.660001388,,14.76847192
-124.84 ,-0.133115382,-7.626949557,,14.76915509
-124.26 ,-0.13253811,-7.593874313,,14.76982291
-123.68 ,-0.13196044,-7.560776259,,14.77050082
-123.10 ,-0.131382383,-7.527656059,,14.77116409
-122.52 ,-0.13080389,-7.494510824,,14.77183571
-121.94 ,-0.130225037,-7.461345003,,14.77249427
-121.36 ,-0.129645747,-7.428154108,,14.77316121
-120.78 ,-0.129066098,-7.394942682,,14.7738149
-120.19 ,-0.128486017,-7.361706482,,14.774477
-119.61 ,-0.127905554,-7.32844841,,14.77512566
-119.03 ,-0.12732467,-7.295166219,,14.77578276
-118.45 ,-0.126743388,-7.261861224,,14.77642619
-117.87 ,-0.126161703,-7.228533106,,14.77707811
-117.29 ,-0.12557961,-7.195181649,,14.77771712
-116.71 ,-0.124997108,-7.161806739,,14.77836554
-116.13 ,-0.124414196,-7.128408363,,14.77899807
-115.55 ,-0.123830905,-7.094988225,,14.77964194
-114.97 ,-0.12324718,-7.061543252,,14.78026968
-114.39 ,-0.122663055,-7.028075355,,14.78090976
-113.81 ,-0.122078536,-6.994584899,,14.78153352
-113.23 ,-0.121493605,-6.961070782,,14.78216777
-112.65 ,-0.120908243,-6.927532048,,14.78278643
-112.07 ,-0.120322492,-6.893970945,,14.78341657
-111.49 ,-0.11973631,-6.8603852,,14.78403089
-110.90 ,-0.11914974,-6.826777236,,14.78465682
-110.32 ,-0.118562748,-6.793145043,,14.78526569
-109.74 ,-0.117975352,-6.759489742,,14.78588622
-109.16 ,-0.117387548,-6.725811072,,14.78649247
-108.58 ,-0.116799309,-6.692107459,,14.78710841
-108.00 ,-0.116210685,-6.658381792,,14.78770987
-107.42 ,-0.115621628,-6.624631319,,14.78832209
-106.84 ,-0.115032168,-6.590857715,,14.78891758
-106.26 ,-0.114442285,-6.55705995,,14.78952593
-105.68 ,-0.11385199,-6.523238531,,14.79011833
-105.10 ,-0.113261293,-6.489394078,,14.79072161
-104.52 ,-0.11267016,-6.455524634,,14.79130976
-103.94 ,-0.112078629,-6.421632442,,14.79190886
-103.36 ,-0.111486673,-6.38771585,,14.7924926
-102.78 ,-0.110894289,-6.353774714,,14.79308732
-102.19 ,-0.110301498,-6.319810326,,14.79366647
-101.61 ,-0.109708282,-6.285821526,,14.79425884
-101.03 ,-0.109114666,-6.251809867,,14.79483321
-100.45 ,-0.108520615,-6.217773253,,14.79542092
-99.87 ,-0.107926161,-6.183713524,,14.79599441
-99.29 ,-0.107331273,-6.149628945,,14.79656983
-98.71 ,-0.106735967,-6.115520425,,14.79714494
-98.13 ,-0.106140219,-6.081386613,,14.79771636
-97.55 ,-0.105544073,-6.047229917,,14.79828741
-96.97 ,-0.104947509,-6.013049312,,14.79885467
-96.39 ,-0.104350513,-5.978843994,,14.7994215
-95.81 ,-0.103753096,-5.944614502,,14.79998671
-95.23 ,-0.103155249,-5.91036041,,14.80054914
-94.65 ,-0.102556989,-5.876082603,,14.80111105
-94.07 ,-0.101958294,-5.84177991,,14.80166892
-93.48 ,-0.101359186,-5.807453579,,14.80222737
-92.90 ,-0.100759634,-5.77310177,,14.80278286
-92.32 ,-0.100159665,-5.738726109,,14.80333771
-91.74 ,-0.099559275,-5.704326248,,14.8038907
-91.16 ,-0.098958459,-5.669902062,,14.8044406
-90.58 ,-0.098357203,-5.635452613,,14.80498975
-90.00 ,-0.097755529,-5.600979244,,14.80553814
-89.42 ,-0.097153429,-5.566481456,,14.80608454
-88.84 ,-0.096550881,-5.531958003,,14.80663012
-88.26 ,-0.09594792,-5.497410854,,14.80717238
-87.68 ,-0.095344531,-5.462839221,,14.80771499
-87.10 ,-0.094740706,-5.428242594,,14.80825546
-86.52 ,-0.094136457,-5.393621662,,14.80879374
-85.94 ,-0.093531783,-5.358976402,,14.80933232
-85.36 ,-0.092926656,-5.324305213,,14.80986864
-84.78 ,-0.092321118,-5.289610439,,14.81040523
-84.19 ,-0.091715134,-5.254890114,,14.81093818
-83.61 ,-0.091108723,-5.220145276,,14.81147137
-83.03 ,-0.090501875,-5.185375449,,14.81200346
-82.45 ,-0.089894602,-5.150581312,,14.81253309
-81.87 ,-0.089286893,-5.115762108,,14.81306423
-81.29 ,-0.088678738,-5.08091741,,14.81359288
-80.71 ,-0.088070165,-5.046048753,,14.81411895
-80.13 ,-0.087461148,-5.011154654,,14.8146465
-79.55 ,-0.086851696,-4.976235619,,14.81517281
-78.97 ,-0.086241809,-4.941291655,,14.81569784
-78.39 ,-0.085631492,-4.906323095,,14.81622156
-77.81 ,-0.085020731,-4.871329056,,14.81674536
-77.23 ,-0.08440953,-4.836309797,,14.8172678
-76.65 ,-0.083797898,-4.801265913,,14.81779028
-76.07 ,-0.083185828,-4.766196854,,14.81830992
-75.48 ,-0.082573328,-4.73110319,,14.81883102
-74.90 ,-0.081960377,-4.695983697,,14.81935359
-74.32 ,-0.081346999,-4.660839705,,14.81987178
-73.74 ,-0.080733173,-4.6256701,,14.82039291
-73.16 ,-0.080118913,-4.590475593,,14.82091105
-72.58 ,-0.079504202,-4.555255256,,14.82143066
-72.00 ,-0.078889067,-4.520010616,,14.82195027
-71.42 ,-0.078273484,-4.484740295,,14.82246831
-70.84 ,-0.07765746,-4.449444719,,14.82298631
-70.26 ,-0.077040999,-4.414124113,,14.82350582
-69.68 ,-0.076424092,-4.378777918,,14.82402531
-69.10 ,-0.075806737,-4.343406086,,14.82454478
-68.52 ,-0.075188953,-4.308009662,,14.82506205
-67.94 ,-0.074570714,-4.272587184,,14.82558144
-67.36 ,-0.073952046,-4.237140114,,14.82610243
-66.78 ,-0.073332922,-4.201666934,,14.82662507
-66.19 ,-0.072713366,-4.166169008,,14.82714441
-65.61 ,-0.072093363,-4.130645419,,14.82766874
-65.03 ,-0.071472906,-4.095095881,,14.82819144
-64.45 ,-0.070852012,-4.059521254,,14.82871588
-63.87 ,-0.070230677,-4.023921377,,14.82924037
-63.29 ,-0.069608891,-3.988295695,,14.82976841
-62.71 ,-0.068986667,-3.95264484,,14.83029482
-62.13 ,-0.06836399,-3.916968076,,14.83082488
-61.55 ,-0.067740869,-3.881265885,,14.83135691
-60.97 ,-0.067117299,-3.845537983,,14.83188916
-60.39 ,-0.066493281,-3.809784353,,14.83242345
-59.81 ,-0.065868826,-3.774005725,,14.83295988
-59.23 ,-0.065243912,-3.738200825,,14.83350032
-58.65 ,-0.064618557,-3.702370591,,14.83404119
-58.07 ,-0.063992751,-3.666514528,,14.83458248
-57.48 ,-0.0633665,-3.630633015,,14.83512996
-56.90 ,-0.062739797,-3.59472559,,14.83567804
-56.32 ,-0.06211265,-3.558792718,,14.83623063
-55.74 ,-0.061485055,-3.522834136,,14.83678591
-55.16 ,-0.060857002,-3.486849372,,14.83734397
-54.58 ,-0.060228509,-3.45083935,,14.83790693
-54.00 ,-0.059599561,-3.414803291,,14.83847496
-53.42 ,-0.058970164,-3.378741521,,14.83904413
-52.84 ,-0.058340318,-3.34265397,,14.83962071
-52.26 ,-0.057710015,-3.306540273,,14.84019867
-51.68 ,-0.05707927,-3.270401247,,14.84078231
-51.10 ,-0.056448069,-3.234236124,,14.84137399
-50.52 ,-0.055816417,-3.198045103,,14.84196748
-49.94 ,-0.055184315,-3.161828347,,14.84256727
-49.36 ,-0.054551757,-3.125585432,,14.84317362
-48.77 ,-0.053918754,-3.089317031,,14.84378447
-48.19 ,-0.053285268,-3.053020958,,14.84440691
-47.61 ,-0.052651392,-3.016702575,,14.84503213
-47.03 ,-0.052017034,-2.980356506,,14.84566494
-46.45 ,-0.051382179,-2.943981976,,14.846308
-45.87 ,-0.050746938,-2.907585397,,14.84695699
-45.29 ,-0.050111212,-2.871160952,,14.84761944
-44.71 ,-0.049475029,-2.834710347,,14.84828847
-44.13 ,-0.04883836,-2.798231915,,14.84896692
-43.55 ,-0.048201299,-2.761731,,14.84965521
-42.97 ,-0.047563755,-2.725202401,,14.85035378
-42.39 ,-0.046925723,-2.68864586,,14.85106831
-41.81 ,-0.046287277,-2.652065591,,14.85178895
-41.23 ,-0.045648367,-2.61545878,,14.85252674
-40.65 ,-0.045008992,-2.57882526,,14.85327704
-40.07 ,-0.04436919,-2.542167343,,14.85404046
-39.48 ,-0.043728902,-2.505481533,,14.85482325
-38.90 ,-0.043088154,-2.468769376,,14.85562066
-38.32 ,-0.042446952,-2.432031229,,14.85643347
-37.74 ,-0.041805322,-2.395268484,,14.85726246
-37.16 ,-0.041163211,-2.358478244,,14.85811443
-36.58 ,-0.040520632,-2.321661171,,14.85898473
-36.00 ,-0.039877624,-2.284819538,,14.85987701
-35.42 ,-0.039234141,-2.247950705,,14.86079299
-34.84 ,-0.038590208,-2.211056073,,14.86173039
-34.26 ,-0.037945808,-2.174134658,,14.8627004
-33.68 ,-0.037300946,-2.137186754,,14.86369176
-33.10 ,-0.036655626,-2.100212662,,14.86471548
-32.52 ,-0.036009861,-2.063213062,,14.86576714
-31.94 ,-0.035363629,-2.0261867,,14.86685518
-31.36 ,-0.034716933,-1.989133718,,14.86797482
-30.77 ,-0.034069781,-1.952054661,,14.8691353
-30.19 ,-0.033422178,-1.914949722,,14.87033574
-29.61 ,-0.03277411,-1.877818202,,14.87157855
-29.03 ,-0.032125565,-1.840659277,,14.87286692
-28.45 ,-0.031476591,-1.803475823,,14.87420405
-27.87 ,-0.030827127,-1.766264294,,14.87559725
-27.29 ,-0.03017722,-1.729027365,,14.87704671
-26.71 ,-0.029526856,-1.691764259,,14.87856063
-26.13 ,-0.02887602,-1.654474087,,14.88013543
-25.55 ,-0.028224726,-1.617157695,,14.88178918
-24.97 ,-0.027572976,-1.579815128,,14.88351463
-24.39 ,-0.026920764,-1.542446167,,14.88532687
-23.81 ,-0.026268094,-1.505050928,,14.88723369
-23.23 ,-0.02561496,-1.467629076,,14.8892333
-22.65 ,-0.024961364,-1.430180804,,14.89134905
-22.07 ,-0.024307303,-1.392705885,,14.89358092
-21.48 ,-0.02365279,-1.355205041,,14.89595088
-20.90 ,-0.022997807,-1.317677275,,14.8984667
-20.32 ,-0.022342373,-1.280123673,,14.90114303
-19.74 ,-0.021686465,-1.242542921,,14.90399651
-19.16 ,-0.021030097,-1.204935775,,14.9070461
-18.58 ,-0.020373271,-1.167302417,,14.91031994
-18.00 ,-0.019715981,-1.129642506,,14.91384278
-17.42 ,-0.019058227,-1.091955957,,14.91763224
-16.84 ,-0.018400015,-1.054243206,,14.92173355
-16.26 ,-0.017741335,-1.016503628,,14.92618131
-15.68 ,-0.017082199,-0.978737916,,14.93102714
-15.10 ,-0.016422595,-0.940945406,,14.93633581
-14.52 ,-0.015762531,-0.903126509,,14.94214918
-13.94 ,-0.015102002,-0.865280983,,14.94856021
-13.36 ,-0.014441009,-0.827408858,,14.95566371
-12.77 ,-0.013779556,-0.789510406,,14.96357262
-12.19 ,-0.013117637,-0.751585231,,14.97242907
-11.61 ,-0.012455256,-0.713633582,,14.98241036
-11.03 ,-0.011792411,-0.675655377,,14.99373588
-10.45 ,-0.011129105,-0.63765073,,15.00668729
-9.87 ,-0.010465333,-0.599619385,,15.02162341
-9.29 ,-0.009801095,-0.561561383,,15.03901835
-8.71 ,-0.009136393,-0.523476786,,15.05949389
-8.13 ,-0.008471229,-0.485365693,,15.08390343
-7.55 ,-0.0078056,-0.447227909,,15.11341905
-6.97 ,-0.007139506,-0.409063562,,15.14971644
-6.39 ,-0.006472948,-0.370872629,,15.19523843
-5.81 ,-0.005805926,-0.332655071,,15.25370752
-5.23 ,-0.005138442,-0.294411026,,15.3310162
-4.65 ,-0.004470491,-0.256140259,,15.43700426
-4.06 ,-0.003802076,-0.217842888,,15.58926232
-3.48 ,-0.003133196,-0.179518923,,15.8220915
-2.90 ,-0.002463854,-0.141168427,,16.21099466
-2.32 ,-0.001794167,-0.102798198,,16.95499808
-1.74 ,-0.001794167,-0.102798198,,18.76612646
-1.16 ,-0.001794167,-0.102798198,,26.82276674
-0.58 ,-0.001794167,-0.102798198,,20.12012414
0.00 ,0.001794167,0.102798198,,16.56710986
0.58 ,0.001794167,0.102798198,,15.63263274
1.16 ,0.001794167,0.102798198,,15.25297156
1.74 ,0.001794167,0.102798198,,15.0650837
2.32 ,0.001974633,0.11313813,,14.96075135
2.90 ,0.002643822,0.151479828,,14.89828018
3.48 ,0.003312546,0.189794914,,14.85885952
4.06 ,0.003980809,0.228083558,,14.83303202
4.64 ,0.004648607,0.26634555,,14.81565023
5.23 ,0.005315941,0.304581001,,14.80373274
5.81 ,0.00598281,0.342789778,,14.79546407
6.39 ,0.006649217,0.380972085,,14.78969841
6.97 ,0.00731516,0.41912782,,14.7856854
7.55 ,0.007980641,0.457257056,,14.78292462
8.13 ,0.008645657,0.495359649,,14.78106697
8.71 ,0.009310211,0.533435777,,14.77986797
9.29 ,0.0099743,0.571485317,,14.7791576
9.87 ,0.010637928,0.609508378,,14.77880845
10.45 ,0.011301092,0.647504859,,14.77872837
11.03 ,0.011963794,0.685474901,,14.77884844
11.61 ,0.012626032,0.72341832,,14.77911839
12.19 ,0.013287806,0.761335226,,14.77949715
12.77 ,0.013949119,0.799225675,,14.77995756
13.35 ,0.014609971,0.837089658,,14.78046581
13.94 ,0.015270358,0.874927065,,14.78101881
14.52 ,0.015930286,0.912738127,,14.78160004
15.10 ,0.016589762,0.950523331,,14.78218728
15.68 ,0.017248778,0.988282205,,14.78278529
16.26 ,0.017907333,1.026014632,,14.78338224
16.84 ,0.018565434,1.063721007,,14.78397927
17.42 ,0.019223074,1.10140103,,14.78456809
18.00 ,0.019880263,1.139055165,,14.78514467
18.58 ,0.020536984,1.176682492,,14.78571376
19.16 ,0.021193255,1.21428406,,14.78626243
19.74 ,0.021849059,1.251858879,,14.78680586
20.32 ,0.022504416,1.289408035,,14.78732806
20.90 ,0.023159308,1.326930607,,14.78782851
21.48 ,0.023813738,1.36442667,,14.78832185
22.06 ,0.024467709,1.401896466,,14.78879383
22.65 ,0.025121219,1.439339835,,14.7892534
23.23 ,0.025774279,1.476757403,,14.78969171
23.81 ,0.026426871,1.514148181,,14.79011427
24.39 ,0.027079011,1.551513016,,14.79052058
24.97 ,0.027730687,1.588851344,,14.79091177
25.55 ,0.028381902,1.6261632,,14.79128748
26.13 ,0.029032654,1.663448557,,14.79164884
26.71 ,0.029682948,1.700707632,,14.79199187
27.29 ,0.030332784,1.737940501,,14.7923248
27.87 ,0.030982156,1.775146807,,14.79264073
28.45 ,0.031631085,1.812327675,,14.79294376
29.03 ,0.032279544,1.84948165,,14.79323087
29.61 ,0.032927537,1.886608914,,14.79350576
30.19 ,0.033575066,1.923709555,,14.79376932
30.77 ,0.034222136,1.960783967,,14.7940182
31.35 ,0.034868749,1.997832143,,14.79425636
31.94 ,0.035514906,2.03485423,,14.79448416
32.52 ,0.036160603,2.071849911,,14.79469556
33.10 ,0.036805838,2.108819161,,14.79489748
33.68 ,0.037450607,2.145761749,,14.79509043
34.26 ,0.038094895,2.182676692,,14.7952712
34.84 ,0.038738742,2.219566426,,14.79544076
35.42 ,0.039382139,2.256430376,,14.79560205
36.00 ,0.040025067,2.293267398,,14.79575268
36.58 ,0.040667517,2.330077072,,14.79589303
37.16 ,0.041309522,2.366861286,,14.7960262
37.74 ,0.04195106,2.403618664,,14.79614958
38.32 ,0.042592134,2.440349493,,14.79626366
38.90 ,0.043232778,2.477055705,,14.796366
39.48 ,0.043872912,2.513732676,,14.79646505
40.06 ,0.044512612,2.550384783,,14.79655297
40.65 ,0.045151829,2.587009234,,14.79663532
41.23 ,0.0457906,2.623608102,,14.79670719
41.81 ,0.046428894,2.660179679,,14.79677396
42.39 ,0.047066726,2.696724777,,14.79683093
42.97 ,0.047704116,2.733244487,,14.79688323
43.55 ,0.04834104,2.769737547,,14.79693101
44.13 ,0.048977471,2.806202393,,14.79696727
44.71 ,0.049613466,2.84264219,,14.79700186
45.29 ,0.050248982,2.879054601,,14.79702775
45.87 ,0.050884012,2.915439142,,14.79704759
46.45 ,0.051518631,2.951800118,,14.79706379
47.03 ,0.052152703,2.988129791,,14.79707205
47.61 ,0.052786371,3.024436277,,14.79707697
48.19 ,0.053419557,3.060715174,,14.7970765
48.77 ,0.054052261,3.096966457,,14.79707079
49.35 ,0.054684501,3.133191133,,14.79706001
49.94 ,0.055316273,3.169388985,,14.7970443
50.52 ,0.05594757,3.205559656,,14.79701957
51.10 ,0.056578395,3.241703225,,14.79699029
51.68 ,0.057208754,3.277820168,,14.79695038
52.26 ,0.057838664,3.313911324,,14.79690832
52.84 ,0.058468124,3.349976761,,14.79685615
53.42 ,0.059097134,3.386016356,,14.79679814
54.00 ,0.059725692,3.422030078,,14.79673055
54.58 ,0.060353805,3.458018318,,14.79665946
55.16 ,0.060981467,3.493980687,,14.79658114
55.74 ,0.061608675,3.529917075,,14.79649583
56.32 ,0.06223544,3.565828036,,14.79640556
56.90 ,0.06286176,3.60171354,,14.79630678
57.48 ,0.063487623,3.637572857,,14.79620343
58.06 ,0.064113048,3.673407052,,14.79609379
58.65 ,0.064738016,3.709215117,,14.79597807
59.23 ,0.065362542,3.744997787,,14.79585638
59.81 ,0.065986621,3.780754902,,14.79572893
60.39 ,0.066610259,3.816486685,,14.79559413
60.97 ,0.067233447,3.852192777,,14.79545562
61.55 ,0.067856187,3.887873115,,14.79531182
62.13 ,0.068478489,3.923528423,,14.79515942
62.71 ,0.069100338,3.959157714,,14.79500373
63.29 ,0.069721754,3.994762218,,14.7948432
63.87 ,0.070342717,4.030340829,,14.79467458
64.45 ,0.07096324,4.065894131,,14.7945014
65.03 ,0.071583324,4.101422346,,14.79432379
65.61 ,0.072202957,4.136924716,,14.79414185
66.19 ,0.072822156,4.172402198,,14.79395247
66.77 ,0.0734409,4.207853585,,14.79375905
67.36 ,0.074059216,4.24328052,,14.79356167
67.94 ,0.074677085,4.278681804,,14.7933573
68.52 ,0.075294505,4.314057338,,14.79315079
69.10 ,0.075911493,4.349408184,,14.79293756
69.68 ,0.076528037,4.384733543,,14.79272082
70.26 ,0.077144142,4.420033722,,14.79249764
70.84 ,0.077759799,4.455308289,,14.79226967
71.42 ,0.078375021,4.490557937,,14.79203852
72.00 ,0.078989807,4.525782575,,14.79180131
72.58 ,0.079604152,4.560981913,,14.79155965
73.16 ,0.080218045,4.596155429,,14.79131365
73.74 ,0.080831511,4.631304409,,14.7910634
74.32 ,0.081444543,4.666428554,,14.79080757
74.90 ,0.082057131,4.701527269,,14.79054771
75.48 ,0.082669284,4.736601066,,14.79028393
76.06 ,0.083280993,4.771649433,,14.7900163
76.65 ,0.083892269,4.806672975,,14.78974352
77.23 ,0.084503104,4.841671215,,14.78946571
77.81 ,0.085113508,4.876644797,,14.78918298
78.39 ,0.085723487,4.911593999,,14.78889681
78.97 ,0.08633301,4.946517115,,14.78860591
79.55 ,0.086942109,4.981415896,,14.78831174
80.13 ,0.087550779,5.01629011,,14.78801303
80.71 ,0.088159007,5.05113903,,14.78770988
81.29 ,0.088766801,5.085963055,,14.7874024
81.87 ,0.089374159,5.120762086,,14.78709066
82.45 ,0.089981084,5.155536338,,14.78677607
83.03 ,0.090587586,5.190286349,,14.7864561
83.61 ,0.091193649,5.22501123,,14.78613216
84.19 ,0.091799279,5.259711232,,14.78580431
84.77 ,0.092404468,5.29438601,,14.78547265
85.36 ,0.093009247,5.329037315,,14.78513726
85.94 ,0.093613589,5.36366356,,14.78479571
86.52 ,0.094217486,5.398264287,,14.78445186
87.10 ,0.094820966,5.432841183,,14.78410328
87.68 ,0.095424016,5.467393395,,14.78375253
88.26 ,0.096026641,5.501921257,,14.78339599
88.84 ,0.096628851,5.536425368,,14.78303338
89.42 ,0.09723061,5.570903606,,14.78266924
90.00 ,0.097831953,5.605358029,,14.78230078
90.58 ,0.098432869,5.639787961,,14.78192932
91.16 ,0.099033367,5.674193959,,14.78155371
91.74 ,0.099633425,5.708574735,,14.78117404
92.32 ,0.10023306,5.742931281,,14.78078922
92.90 ,0.100832275,5.777263782,,14.78040283
93.48 ,0.101431058,5.811571558,,14.78001144
94.06 ,0.102029421,5.845855201,,14.77961516
94.65 ,0.102627377,5.880115539,,14.77921748
95.23 ,0.103224885,5.914350258,,14.77881504
95.81 ,0.103821967,5.948560552,,14.77840793
96.39 ,0.104418649,5.982747862,,14.77799737
96.97 ,0.105014897,6.016910389,,14.77758451
97.55 ,0.105610725,6.051048792,,14.77716611
98.13 ,0.106206126,6.085162753,,14.77674554
98.71 ,0.106801118,6.119253322,,14.77631627
99.29 ,0.107395661,6.153318113,,14.7758956
99.87 ,0.107989821,6.187360971,,14.77545508
100.45 ,0.108583541,6.221378601,,14.77502611
101.03 ,0.109176851,6.255372768,,14.7745808
101.61 ,0.10976972,6.289341658,,14.77414485
102.19 ,0.110362207,6.323288685,,14.77368968
102.77 ,0.110954242,6.357209762,,14.77324702
103.36 ,0.111545889,6.391108668,,14.77278543
103.94 ,0.112137105,6.424982853,,14.77233527
104.52 ,0.112727893,6.45883249,,14.77186751
105.10 ,0.113318281,6.492659265,,14.77140907
105.68 ,0.113908256,6.526462333,,14.77093434
106.26 ,0.114497804,6.560240959,,14.77046992
106.84 ,0.115086939,6.593995909,,14.76998745
107.42 ,0.115675678,6.627728121,,14.76951429
108.00 ,0.116263988,6.661435848,,14.76902536
108.58 ,0.116851893,6.695120288,,14.76854571
109.16 ,0.117439364,6.728779901,,14.76804956
109.74 ,0.118026453,6.762417628,,14.76756266
110.32 ,0.118613112,6.796030707,,14.76705951
110.90 ,0.119199371,6.829620893,,14.76656562
111.48 ,0.119785212,6.863187098,,14.76605571
112.07 ,0.120370643,6.89672984,,14.76555409
112.65 ,0.12095565,6.930248229,,14.76503767
113.23 ,0.121540271,6.963744575,,14.76452951
113.81 ,0.122124497,6.997218243,,14.76400491
114.39 ,0.122708289,7.030667089,,14.76348949
114.97 ,0.123291668,7.06409221,,14.76295881
115.55 ,0.123874654,7.097494851,,14.7624364
116.13 ,0.124457243,7.130874774,,14.76189708
116.71 ,0.125039434,7.164231838,,14.76136878
117.29 ,0.125621196,7.197564329,,14.76082294
117.87 ,0.126202558,7.230873935,,14.76028624
118.45 ,0.126783523,7.264160808,,14.75973494
119.03 ,0.127364067,7.297423493,,14.75919192
119.61 ,0.127944224,7.33066403,,14.7586318
120.19 ,0.128523972,7.363881143,,14.75808175
120.77 ,0.129103351,7.397077121,,14.75751572
121.36 ,0.12968228,7.430247326,,14.75695795
121.94 ,0.130260834,7.463395998,,14.75638534
122.52 ,0.130838995,7.496522198,,14.75582098
123.10 ,0.131416748,7.52962504,,14.75524024
123.68 ,0.13199408,7.562703694,,14.7546695
124.26 ,0.13257104,7.595761092,,14.7540826
124.84 ,0.133147586,7.628794743,,14.75350395
125.42 ,0.133723773,7.661807812,,14.75291024
126.00 ,0.134299526,7.69479604,,14.75232392
126.58 ,0.134874904,7.72776278,,14.75172275
127.16 ,0.135449868,7.760705771,,14.75112983
127.74 ,0.136024446,7.793626657,,14.75052227
128.32 ,0.136598634,7.826525244,,14.74992129
128.90 ,0.137172432,7.859401409,,14.74930343
129.48 ,0.137745837,7.892255098,,14.74869058
130.07 ,0.13831885,7.925086327,,14.74806197
130.65 ,0.138891544,7.957899253,,14.74743919
131.23 ,0.139463851,7.990690039,,14.74680089
131.81 ,0.140035812,8.02346099,,14.74616929
132.39 ,0.140607433,8.056212472,,14.74552232
132.97 ,0.141178649,8.088940728,,14.74488212
133.55 ,0.141749503,8.121648296,,14.74422676
134.13 ,0.142320007,8.15433573,,14.74357898
134.71 ,0.142890095,8.186999361,,14.74291706
135.29 ,0.143459816,8.219641974,,14.74226267
135.87 ,0.144029183,8.252264318,,14.74159434
136.45 ,0.144598134,8.284862824,,14.74093277
137.03 ,0.145166723,8.317440531,,14.74025741
137.61 ,0.145734926,8.349996161,,14.73958962
138.19 ,0.146302761,8.382530708,,14.7389082
138.78 ,0.146870167,8.415040713,,14.73823511
139.36 ,0.147437204,8.447529538,,14.73754857
139.94 ,0.148003852,8.479996091,,14.73687032
140.52 ,0.148570134,8.512441629,,14.73617874
141.10 ,0.14913599,8.544862817,,14.73549697
141.68 ,0.149701445,8.577260998,,14.73480126
142.26 ,0.150266524,8.609637606,,14.73411455
142.84 ,0.150831169,8.641989385,,14.7334163
143.42 ,0.151395407,8.674317861,,14.73272845
144.00 ,0.151959267,8.706624658,,14.73202699
144.58 ,0.152522693,8.738906604,,14.73133656
145.16 ,0.153085716,8.771165417,,14.73062837
145.74 ,0.15364828,8.803397948,,14.72993687
146.32 ,0.15421046,8.835608516,,14.72922142
146.90 ,0.154772248,8.867796576,,14.72852261
147.48 ,0.155333678,8.899964152,,14.72780639
148.07 ,0.155894698,8.932108261,,14.72710041
148.65 ,0.156455301,8.964228456,,14.72637352
149.23 ,0.157015571,8.996329516,,14.7256628
149.81 ,0.15757541,9.028405947,,14.72493433
150.39 ,0.158134905,9.060462674,,14.72421413
150.97 ,0.158693961,9.092494205,,14.72347684
151.55 ,0.159252666,9.124505611,,14.72275513
152.13 ,0.159811017,9.156496777,,14.72202331
152.71 ,0.160368966,9.188464921,,14.72128609
153.29 ,0.16092656,9.220412675,,14.7205385
153.87 ,0.161483749,9.2523373,,14.7198068
154.45 ,0.162040535,9.284238786,,14.71905091
155.03 ,0.162597015,9.316122725,,14.71831085
155.61 ,0.163153094,9.347983703,,14.71754685
156.19 ,0.163708774,9.379821837,,14.71679864
156.78 ,0.164264108,9.411640124,,14.7160338
157.36 ,0.1648191,9.443438825,,14.71527102
157.94 ,0.165373706,9.475215371,,14.71449842
158.52 ,0.165927929,9.506970054,,14.71374144
159.10 ,0.166481777,9.538703216,,14.71296121
159.68 ,0.167035308,9.570418175,,14.71218315
160.26 ,0.167588478,9.602112472,,14.71140244
160.84 ,0.168141295,9.633786587,,14.71062389
161.42 ,0.168693718,9.665438061,,14.7098226
162.00 ,0.169245807,9.697070424,,14.70903684
162.58 ,0.169797573,9.728684304,,14.70823538
163.16 ,0.170348975,9.760277332,,14.70744254
163.74 ,0.170899972,9.791847108,,14.70663418
164.32 ,0.171450682,9.823400473,,14.70582816
164.90 ,0.172001012,9.854932043,,14.70500683
165.48 ,0.172551029,9.886445711,,14.70419417
166.07 ,0.173100694,9.91793921,,14.70337304
166.65 ,0.173650023,9.949413411,,14.70255386
167.23 ,0.174198975,9.980866052,,14.70171353
167.81 ,0.174747623,10.01230126,,14.70088852
168.39 ,0.175295928,10.04371685,,14.70004819
168.97 ,0.175843909,10.07511384,,14.69921089
169.55 ,0.176391527,10.10649006,,14.69836502
170.13 ,0.176938802,10.13784659,,14.69752175
170.71 ,0.177485753,10.16918456,,14.69667001
171.29 ,0.178032343,10.20050185,,14.69582089
171.87 ,0.178578592,10.23179964,,14.69495743
172.45 ,0.179124465,10.26307583,,14.69410262
173.03 ,0.179670041,10.29433503,,14.69323363
173.61 ,0.180215225,10.32557182,,14.69236735
174.19 ,0.180760101,10.35679092,,14.69149296
174.78 ,0.181304573,10.38798685,,14.69062132
175.36 ,0.181848725,10.41916445,,14.68974215
175.94 ,0.182392583,10.45032521,,14.68885944
176.52 ,0.182936051,10.48146365,,14.68797515
177.10 ,0.183479217,10.51258479,,14.68708737
177.68 ,0.184021986,10.54368312,,14.68619807
178.26 ,0.184564445,10.57476377,,14.68529961
178.84 ,0.185106563,10.60582482,,14.68439971
179.42 ,0.185648368,10.63686794,,14.68349649
180.00 ,0.186189763,10.66788759,,14.68259189
180.58 ,0.186730905,10.69889276,,14.68168453
181.16 ,0.187271635,10.72987428,,14.68076968
181.74 ,0.187812111,10.76084129,,14.67985168
182.32 ,0.188352173,10.79178456,,14.67893242
182.90 ,0.188891917,10.82270964,,14.67801056
183.49 ,0.189431378,10.85361846,,14.67708142
184.07 ,0.189970458,10.88450547,,14.67614742
184.65 ,0.190509191,10.9153726,,14.67522201
185.23 ,0.191047612,10.94622187,,14.67427841
185.81 ,0.191585758,10.97705535,,14.67334342
186.39 ,0.192123531,11.00786744,,14.6723959
186.97 ,0.192660966,11.03866025,,14.6714515
187.55 ,0.193198035,11.06943199,,14.67049472
188.13 ,0.193734842,11.10018878,,14.66954113
188.71 ,0.19427129,11.13092498,,14.66858069
189.29 ,0.194807418,11.16164284,,14.66762345
189.87 ,0.195343195,11.19234065,,14.66665407
190.45 ,0.195878664,11.22302073,,14.6656938
191.03 ,0.196413794,11.25368141,,14.66471566
191.61 ,0.196948626,11.28432507,,14.66374081
192.19 ,0.197483134,11.31495009,,14.66275939
192.78 ,0.198017287,11.34555482,,14.661776
193.36 ,0.198551129,11.37614173,,14.66078615
193.94 ,0.199084705,11.40671335,,14.65980539
194.52 ,0.199617914,11.43726397,,14.65880724
195.10 ,0.2001508,11.46779612,,14.65781248
195.68 ,0.200683337,11.49830823,,14.65680622
196.26 ,0.201215644,11.52880717,,14.65580339
196.84 ,0.201747546,11.55928292,,14.65480003
197.42 ,0.202279165,11.58974243,,14.65378926
198.00 ,0.202810474,11.62018418,,14.65277239
198.58 ,0.203341446,11.65060665,,14.65175387
199.16 ,0.20387213,11.68101263,,14.65072934
199.74 ,0.204402501,11.71140065,,14.64970323
200.32 ,0.204932532,11.7417692,,14.64867119
200.90 ,0.205462275,11.77212118,,14.64764269
201.49 ,0.205991702,11.80245513,,14.64659826
202.07 ,0.206520789,11.83276959,,14.64556797
202.65 ,0.207049666,11.86307202,,14.64452135
203.23 ,0.207578152,11.89335205,,14.64347834
203.81 ,0.2081063,11.9236127,,14.6424197
204.39 ,0.208634164,11.95385706,,14.64136967
204.97 ,0.209161799,11.98408831,,14.64030908
205.55 ,0.209689021,12.0142959,,14.63925215
206.13 ,0.210215965,12.04448757,,14.63817447
206.71 ,0.210742688,12.07466661,,14.63711082
207.29 ,0.211269006,12.10482236,,14.63603684
207.87 ,0.211795054,12.13496274,,14.63496174
208.45 ,0.212320812,12.16508641,,14.63388127
209.03 ,0.212846254,12.19519202,,14.63279973
209.61 ,0.21337144,12.22528297,,14.63170276
210.19 ,0.213896264,12.25535318,,14.63061973
210.78 ,0.214420786,12.28540606,,14.62952191
211.36 ,0.214945066,12.31544512,,14.62842262
211.94 ,0.215468999,12.34546423,,14.62731876
212.52 ,0.21599273,12.37547181,,14.62621874
213.10 ,0.216516067,12.40545683,,14.62510368
213.68 ,0.217039159,12.43542777,,14.62399307
214.26 ,0.217561896,12.46537844,,14.62287225
214.84 ,0.218084431,12.49531746,,14.6217559
215.42 ,0.218606567,12.52523366,,14.62062943
216.00 ,0.219128456,12.55513571,,14.61950227
216.58 ,0.219650077,12.58502241,,14.61837083
217.16 ,0.22017141,12.61489254,,14.61723359
217.74 ,0.220692431,12.64474486,,14.61609162
218.32 ,0.221213209,12.67458324,,14.61494907
218.90 ,0.221733634,12.70440138,,14.61380186
219.49 ,0.222253863,12.73420831,,14.61265411
220.07 ,0.222773696,12.76399255,,14.61149722
220.65 ,0.223293292,12.79376323,,14.61033987
221.23 ,0.223812632,12.8235192,,14.609178
221.81 ,0.224331694,12.8532593,,14.60801571
222.39 ,0.224850368,12.88297708,,14.60684447
222.97 ,0.225368907,12.91268721,,14.60567736
223.55 ,0.225887016,12.94237267,,14.60449191
224.13 ,0.226404952,12.97204823,,14.60331565
224.71 ,0.226922604,13.00170746,,14.60213009
225.29 ,0.22743995,13.03134922,,14.60094483
225.87 ,0.227956971,13.06097237,,14.59975036
226.45 ,0.228473743,13.09058119,,14.59856067
227.03 ,0.228990245,13.12017459,,14.59735747
227.61 ,0.229506459,13.14975146,,14.59615415
228.20 ,0.230022461,13.1793162,,14.59494675
228.78 ,0.230538137,13.20886224,,14.59373926
229.36 ,0.231053563,13.23839401,,14.59251907
229.94 ,0.231568722,13.26791044,,14.59130753
230.52 ,0.232083595,13.29741047,,14.59008338
231.10 ,0.232598162,13.32689301,,14.58885928
231.68 ,0.233112504,13.35636264,,14.58762644
232.26 ,0.233626504,13.38581265,,14.58639852
232.84 ,0.234140341,13.41525336,,14.58515343
233.42 ,0.234653799,13.44467234,,14.58391757
234.00 ,0.235167059,13.47407998,,14.5826689
234.58 ,0.235680105,13.50347531,,14.58142044
235.16 ,0.236192816,13.53285153,,14.58016886
235.74 ,0.236705278,13.56221341,,14.57891695
236.32 ,0.237217471,13.59155994,,14.57765304
236.90 ,0.23772938,13.62089012,,14.57639361
237.49 ,0.238241088,13.65020883,,14.57511756
238.07 ,0.238752476,13.6795092,,14.57385076
238.65 ,0.239263629,13.70879616,,14.57257217
239.23 ,0.239774532,13.73806873,,14.57129343
239.81 ,0.240285167,13.76732596,,14.57001184
240.39 ,0.240795517,13.79656685,,14.56872601
240.97 ,0.241305671,13.82579649,,14.5674333
241.55 ,0.241815505,13.85500788,,14.56614053
242.13 ,0.242325217,13.88421223,,14.56483632
242.71 ,0.242834578,13.91339643,,14.56353675
243.29 ,0.243343676,13.94256561,,14.56222989
243.87 ,0.243852496,13.97171884,,14.56091903
244.45 ,0.244361129,14.00086138,,14.55960155
245.03 ,0.244869452,14.02998611,,14.55828876
245.61 ,0.245377556,14.05909833,,14.55696026
246.20 ,0.245885426,14.08819714,,14.55563648
246.78 ,0.246393046,14.11728164,,14.55430626
247.36 ,0.246900401,14.14635094,,14.55297223
247.94 ,0.247407475,14.17540411,,14.55163129
248.52 ,0.247914362,14.20444663,,14.55028534
249.10 ,0.248420937,14.23347123,,14.54893966
249.68 ,0.248927408,14.26248986,,14.54758775
250.26 ,0.249433535,14.29148881,,14.54624064
250.84 ,0.249939415,14.32047362,,14.54487448
251.42 ,0.250445034,14.34944343,,14.54351319
252.00 ,0.250950489,14.37840389,,14.54214971
252.58 ,0.251455653,14.40734763,,14.54078275
253.16 ,0.251960624,14.43628035,,14.53940535
253.74 ,0.252465273,14.46519462,,14.53802456
254.32 ,0.252969816,14.49410283,,14.53664173
254.90 ,0.253474008,14.52299087,,14.53525998
255.49 ,0.253977948,14.55186454,,14.53386359
256.07 ,0.254481741,14.58072971,,14.53247217
256.65 ,0.254985254,14.60957887,,14.53107119
257.23 ,0.25548859,14.63841794,,14.52967082
257.81 ,0.255991737,14.66724614,,14.52826421
258.39 ,0.256494562,14.69605586,,14.5268507
258.97 ,0.256997168,14.72485308,,14.52543539
259.55 ,0.257499542,14.75363701,,14.52401701
260.13 ,0.258001671,14.78240684,,14.52259315
260.71 ,0.25850366,14.81116871,,14.52116628
261.29 ,0.259005376,14.83991491,,14.51972971
261.87 ,0.259506926,14.86865163,,14.51829823
262.45 ,0.260008176,14.8973711,,14.51685713
263.03 ,0.260509232,14.92607954,,14.51540946
263.61 ,0.261010083,14.95477619,,14.51396026
264.20 ,0.261510592,14.9834532,,14.51251193
264.78 ,0.262010991,15.01212397,,14.51105475
265.36 ,0.262511145,15.04078067,,14.50959483
265.94 ,0.263011164,15.06942968,,14.50812924
266.52 ,0.263510912,15.09806313,,14.50665735
267.10 ,0.264010375,15.12668021,,14.50518409
267.68 ,0.264509791,15.15529466,,14.5037046
268.26 ,0.265008896,15.18389128,,14.5022238
268.84 ,0.265507676,15.21246928,,14.50074045
269.42 ,0.266006373,15.24104251,,14.49924447
270.00 ,0.266504847,15.26960297,,14.49775379
270.58 ,0.267003086,15.29814994,,14.49625
271.16 ,0.267501205,15.32669008,,14.49475211
271.74 ,0.267999064,15.35521531,,14.49323767
272.32 ,0.26849665,15.38372487,,14.49172859
272.91 ,0.26899408,15.41222551,,14.49021074
273.49 ,0.269491343,15.44071657,,14.48869122
274.07 ,0.269988426,15.46919735,,14.48716655
274.65 ,0.270485187,15.49765961,,14.48563615
275.23 ,0.270981875,15.52611779,,14.48410479
275.81 ,0.271478216,15.55455601,,14.48256777
276.39 ,0.271974462,15.58298882,,14.48102228
276.97 ,0.272470469,15.61140791,,14.47947878
277.55 ,0.272966359,15.6398203,,14.47792283
278.13 ,0.273461985,15.66821762,,14.47637297
278.71 ,0.273957337,15.69659916,,14.47480732
279.29 ,0.274452672,15.72497979,,14.4732472
279.87 ,0.274947709,15.75334332,,14.47167543
280.45 ,0.275442572,15.78169687,,14.47010579
281.03 ,0.275937249,15.8100398,,14.46852403
281.61 ,0.27643173,15.83837145,,14.46694504
282.20 ,0.276926003,15.86669118,,14.46535403
282.78 ,0.277420055,15.89499833,,14.46376525
283.36 ,0.277914017,15.92330023,,14.46216854
283.94 ,0.278407736,15.95158827,,14.46057012
284.52 ,0.278901343,15.97986983,,14.45896446
285.10 ,0.279394685,16.00813626,,14.45735715
285.68 ,0.279887893,16.03639498,,14.45574208
286.26 ,0.280380813,16.06463726,,14.45412604
286.84 ,0.28087372,16.09287872,,14.4524984
287.42 ,0.281366317,16.12110249,,14.4508771
288.00 ,0.281858737,16.14931608,,14.44924098
288.58 ,0.282351113,16.17752711,,14.44760732
289.16 ,0.282843146,16.20571854,,14.44596287
289.74 ,0.283335114,16.23390623,,14.44432092
290.32 ,0.283826863,16.26208133,,14.44266769
290.91 ,0.284318526,16.29025157,,14.4410176
291.49 ,0.284809949,16.31840802,,14.43935633
292.07 ,0.28530112,16.34655006,,14.43768947
292.65 ,0.285792175,16.37468546,,14.43602136
293.23 ,0.286283106,16.40281369,,14.43434993
293.81 ,0.286773901,16.43093418,,14.43267084
294.39 ,0.287264551,16.45904638,,14.43098788
294.97 ,0.287754898,16.48714116,,14.42930441
295.55 ,0.288245228,16.51523503,,14.4276069
296.13 ,0.288735234,16.54331029,,14.42591595
296.71 ,0.289225205,16.57138355,,14.42421108
297.29 ,0.289714981,16.59944565,,14.42250582
297.87 ,0.290204552,16.62749601,,14.42079374
298.45 ,0.29069406,16.65554276,,14.41907754
299.03 ,0.291183344,16.68357666,,14.41735837
299.61 ,0.291672546,16.71160588,,14.41563515
300.20 ,0.292161504,16.73962111,,14.41390527
300.78 ,0.292650362,16.7676306,,14.41217204
301.36 ,0.293138955,16.79562496,,14.41042849
301.94 ,0.293627585,16.82362136,,14.40868792
302.52 ,0.294115931,16.85160154,,14.40693462
303.10 ,0.29460414,16.87957383,,14.40518435
303.68 ,0.295092201,16.9075377,,14.40342456
304.26 ,0.295580264,16.93550164,,14.40166413
304.84 ,0.296068005,16.96344712,,14.3998912
305.42 ,0.296555729,16.99139164,,14.39812138
306.00 ,0.297043111,17.01931658,,14.39634225
306.58 ,0.297530617,17.04724866,,14.39455954
307.16 ,0.298017763,17.07516006,,14.39277433
307.74 ,0.298504858,17.10306851,,14.39098256
308.32 ,0.298991892,17.13097353,,14.38918105
308.91 ,0.299478698,17.15886544,,14.38738039
309.49 ,0.299965265,17.18674367,,14.38557008
310.07 ,0.300451907,17.21462625,,14.38376006
310.65 ,0.300938294,17.24249414,,14.38194111
311.23 ,0.301424578,17.27035613,,14.38012249
311.81 ,0.30191075,17.29821175,,14.37829143
312.39 ,0.302396802,17.32606051,,14.37646077
312.97 ,0.302882562,17.35389248,,14.37462138
313.55 ,0.303368349,17.38172603,,14.37278245
314.13 ,0.30385399,17.40955124,,14.37093129
314.71 ,0.304339478,17.43736764,,14.36908065
315.29 ,0.30482497,17.46518428,,14.36722147
315.87 ,0.305310292,17.49299115,,14.36536287
316.45 ,0.305795434,17.52078777,,14.36349226
317.03 ,0.306280389,17.54857363,,14.36162228
317.62 ,0.306765316,17.57635788,,14.35974103
318.20 ,0.307250038,17.60413042,,14.35785694
318.78 ,0.307734716,17.63190045,,14.35597106
319.36 ,0.308219344,17.65966756,,14.35407948
319.94 ,0.308703742,17.68742152,,14.35217685
320.52 ,0.309188073,17.71517163,,14.35027442
321.10 ,0.309672329,17.74291747,,14.34836456
321.68 ,0.310156503,17.77065859,,14.34645206
322.26 ,0.310640414,17.79838465,,14.3445316
322.84 ,0.311124399,17.82611499,,14.34260571
323.42 ,0.311608106,17.85382933,,14.34067197
324.00 ,0.312091873,17.88154712,,14.33873923
324.58 ,0.312575519,17.90925799,,14.33679871
325.16 ,0.313059036,17.93696148,,14.3348564
325.74 ,0.313542416,17.96465713,,14.33290011
326.32 ,0.314025652,17.9923445,,14.33094341
326.91 ,0.314508912,18.02003328,,14.32897876
327.49 ,0.314992013,18.04771291,,14.32701284
328.07 ,0.315474946,18.07538293,,14.32504188
328.65 ,0.315957882,18.10305313,,14.32306067
329.23 ,0.316440635,18.13071285,,14.32107731
329.81 ,0.316923377,18.15837193,,14.31909001
330.39 ,0.317406101,18.18602999,,14.31709507
330.97 ,0.31788862,18.21367628,,14.31509223
331.55 ,0.318371106,18.24132071,,14.31308867
332.13 ,0.318853554,18.26896292,,14.31107454
332.71 ,0.319335773,18.29659204,,14.30906186
333.29 ,0.319817938,18.32421808,,14.30703935
333.87 ,0.320300227,18.35185117,,14.30501223
334.45 ,0.320782265,18.3794699,,14.30297541
335.03 ,0.321264228,18.40708437,,14.30094016
335.62 ,0.32174611,18.43469418,,14.29889194
336.20 ,0.322227904,18.46229892,,14.29684264
336.78 ,0.322709602,18.48989819,,14.29478655
337.36 ,0.323191384,18.51750229,,14.29272674
337.94 ,0.323673058,18.54510017,,14.2906569
338.52 ,0.324154616,18.57269141,,14.28858613
339.10 ,0.324636051,18.60027561,,14.28650606
339.68 ,0.325117356,18.62785235,,14.28442448
340.26 ,0.325598713,18.65543207,,14.28233105
340.84 ,0.326080116,18.68301445,,14.28023683
341.42 ,0.32656137,18.71058824,,14.27813619
342.00 ,0.327042466,18.73815301,,14.27602888
342.58 ,0.327523589,18.76571933,,14.27391524
343.16 ,0.328004541,18.79327585,,14.27179832
343.74 ,0.3284857,18.82084422,,14.26967188
344.32 ,0.328966481,18.84839099,,14.26754224
344.91 ,0.329447458,18.87594893,,14.26540645
345.49 ,0.329928237,18.90349553,,14.26326428
346.07 ,0.330409005,18.93104153,,14.26111346
346.65 ,0.330889757,18.95858657,,14.25896221
347.23 ,0.331370486,18.98613031,,14.25679981
347.81 ,0.331851186,19.0136724,,14.25463382
348.39 ,0.332331852,19.0412125,,14.25245938
348.97 ,0.332812476,19.06875024,,14.25027886
349.55 ,0.333292855,19.09627392,,14.24809066
350.13 ,0.333773378,19.12380587,,14.24589071
350.71 ,0.334254041,19.15134582,,14.24368321
351.29 ,0.334734639,19.17888206,,14.24147242
351.87 ,0.335215366,19.20642571,,14.23924843
352.45 ,0.335696017,19.23396499,,14.23702446
353.03 ,0.336176787,19.26151107,,14.23478677
353.62 ,0.336657469,19.28905211,,14.23254263
354.20 ,0.337138259,19.31659936,,14.23029611
354.78 ,0.337619153,19.34415253,,14.22804177
355.36 ,0.338099941,19.37169968,,14.22578195
355.94 ,0.338580618,19.39924043,,14.22350623
356.52 ,0.339061586,19.42679789,,14.22123648
357.10 ,0.339542227,19.45433656,,14.21895097
357.68 ,0.340023149,19.48189137,,14.21666335
358.26 ,0.340503936,19.50943847,,14.21436508
358.84 ,0.34098479,19.53698934,,14.21206231
359.42 ,0.341465704,19.56454369,,14.20975216
360.00 ,0.341946466,19.5920893,,14.20743694
360.58 ,0.342427277,19.61963775,,14.20511198
361.16 ,0.342908133,19.64718875,,14.20278517
361.74 ,0.343389027,19.67474201,,14.20044628
362.33 ,0.343869957,19.70229722,,14.19810497
362.91 ,0.344350704,19.729842,,14.19575104
363.49 ,0.344831685,19.7574002,,14.19339856
364.07 ,0.345312685,19.78495947,,14.19103358
364.65 ,0.345793486,19.81250731,,14.18866702
365.23 ,0.346274506,19.84006776,,14.18628567
365.81 ,0.34675553,19.86762837,,14.18390525
366.39 ,0.34723655,19.89518882,,14.18151326
366.97 ,0.347717348,19.92273649,,14.1791168
367.55 ,0.348198562,19.95030804,,14.1767113
368.13 ,0.348679542,19.97786618,,14.17430448
368.71 ,0.349160498,20.00542293,,14.17188329
369.29 ,0.349641642,20.03299043,,14.16946088
369.87 ,0.350122751,20.06055597,,14.1670266
370.45 ,0.35060404,20.08813175,,14.16458883
371.03 ,0.351085065,20.11569245,,14.16214236
371.62 ,0.351566478,20.14327541,,14.15969484
372.20 ,0.352047617,20.17084265,,14.15723335
372.78 ,0.352528916,20.19841904,,14.15477091
373.36 ,0.35301015,20.22599169,,14.15229464
373.94 ,0.353491534,20.25357298,,14.1498175
374.52 ,0.353973065,20.28116268,,14.14732967
375.10 ,0.354454516,20.30874777,,14.14483573
375.68 ,0.35493588,20.33632794,,14.14233356
376.26 ,0.355417378,20.3639157,,14.1398307
376.84 ,0.355899003,20.3915108,,14.1373121
377.42 ,0.356380753,20.41911303,,14.13478917
378.00 ,0.356862396,20.44670918,,14.13226339
378.58 ,0.357344155,20.47431192,,14.12972667
379.16 ,0.357825797,20.50190797,,14.12718194
379.74 ,0.358307772,20.52952311,,14.12463234
380.33 ,0.358789621,20.55713102,,14.12207712
380.91 ,0.359271567,20.58474447,,14.11950894
381.49 ,0.359753605,20.61236323,,14.11694117
382.07 ,0.360235731,20.63998704,,14.11436057
382.65 ,0.360717711,20.66760245,,14.11177457
383.23 ,0.361200001,20.6952356,,14.10918108
383.81 ,0.361682133,20.72285977,,14.10658298
384.39 ,0.362164568,20.75050126,,14.10397233
384.97 ,0.36264707,20.77814656,,14.10135942
385.55 ,0.3631294,20.80578202,,14.09873702
386.13 ,0.36361202,20.83343414,,14.09610953
386.71 ,0.364094694,20.8610893,,14.09347267
387.29 ,0.364577181,20.88873377,,14.09083375
387.87 ,0.365059947,20.91639421,,14.08818045
388.45 ,0.365542989,20.94407048,,14.08552229
389.03 ,0.36602583,20.97173524,,14.0828601
389.62 ,0.366508701,20.99940174,,14.08018586
390.20 ,0.366991837,21.02708338,,14.07750771
390.78 ,0.367474995,21.05476631,,14.0748249
391.36 ,0.367958171,21.08245026,,14.07213101
391.94 ,0.368441361,21.11013496,,14.06943258
392.52 ,0.368924799,21.13783393,,14.06672538
393.10 ,0.369408242,21.16553319,,14.0640166
393.68 ,0.369891686,21.19323246,,14.06129413
394.26 ,0.370375367,21.22094537,,14.05857451
394.84 ,0.370858797,21.24864388,,14.05584562
395.42 ,0.371342701,21.27636951,,14.05311317
396.00 ,0.371826343,21.30408019,,14.05036729
396.58 ,0.372309718,21.33177553,,14.04762294
397.16 ,0.372793556,21.35949738,,14.04486245
397.74 ,0.373277362,21.38721744,,14.04209794
398.33 ,0.373761133,21.41493544,,14.03932731
398.91 ,0.374245357,21.44267944,,14.0365436
399.49 ,0.374729537,21.47042095,,14.03375672
400.07 ,0.37521367,21.49815968,,14.03096183
400.65 ,0.375697998,21.52590963,,14.02815895
401.23 ,0.376182518,21.55367062,,14.0253482
401.81 ,0.376667228,21.58144245,,14.02253238
402.39 ,0.377151873,21.60921057,,14.019706
402.97 ,0.3776367,21.6369891,,14.01687188
403.55 ,0.378121705,21.66477786,,14.01403293
404.13 ,0.378606633,21.69256215,,14.01118357
404.71 ,0.379091985,21.72037076,,14.00832534
405.29 ,0.379577251,21.74817446,,14.00546377
405.87 ,0.380062681,21.77598756,,14.00258791
406.45 ,0.380548272,21.80380987,,13.99970954
407.04 ,0.38103402,21.83164119,,13.99682184
407.62 ,0.381519922,21.85948132,,13.99392968
408.20 ,0.382005974,21.88733008,,13.99102281
408.78 ,0.382491916,21.91517249,,13.98811436
409.36 ,0.382978259,21.94303787,,13.98519207
409.94 ,0.383464742,21.97091129,,13.9822676
410.52 ,0.383951361,21.99879254,,13.97932943
411.10 ,0.384438114,22.02668142,,13.97638646
411.68 ,0.384924997,22.05457773,,13.9734334
412.26 ,0.385412005,22.08248127,,13.97047566
412.84 ,0.385899136,22.11039184,,13.96750453
413.42 ,0.386386387,22.13830923,,13.96452755
414.00 ,0.386874016,22.16624833,,13.96154206
414.58 ,0.387361759,22.19419392,,13.95854813
415.16 ,0.387849611,22.22214578,,13.95554385
415.74 ,0.388337569,22.25010371,,13.95253327
416.33 ,0.388825895,22.27808274,,13.94951049
416.91 ,0.389314321,22.30606749,,13.94647624
417.49 ,0.38980311,22.33407306,,13.9434386
418.07 ,0.390291993,22.362084,,13.940389
418.65 ,0.390780967,22.3901001,,13.93733345
419.23 ,0.391270295,22.41813656,,13.93426414
419.81 ,0.391759977,22.44619329,,13.93118707
420.39 ,0.392249741,22.47425467,,13.9280957
420.97 ,0.392739853,22.50233603,,13.92500013
421.55 ,0.39323004,22.53042168,,13.92189043
422.13 ,0.393720571,22.55852701,,13.91877328
422.71 ,0.394211443,22.58665192,,13.91564098
423.29 ,0.394702381,22.61478061,,13.91250404
423.87 ,0.395193656,22.64292857,,13.90935142
424.45 ,0.395685265,22.67109571,,13.90618974
425.04 ,0.396177207,22.6992819,,13.90301522
425.62 ,0.396669479,22.72748703,,13.89983446
426.20 ,0.39716208,22.75571098,,13.89663649
426.78 ,0.397655008,22.78395365,,13.89343055
427.36 ,0.39814826,22.81221492,,13.89020952
427.94 ,0.398641835,22.84049466,,13.88698258
428.52 ,0.39913573,22.86879277,,13.88373959
429.10 ,0.399629943,22.89710911,,13.88048824
429.68 ,0.400124473,22.92544359,,13.87722031
430.26 ,0.400619317,22.95379606,,13.87394307
430.84 ,0.401114756,22.9821826,,13.87065394
431.42 ,0.401610505,23.01058697,,13.86735309
432.00 ,0.402106564,23.03900906,,13.86403607
432.58 ,0.402602931,23.06744874,,13.8607088
433.16 ,0.403099602,23.09590589,,13.8573727
433.74 ,0.403596861,23.12439675,,13.85401891
434.33 ,0.404094422,23.15290491,,13.85065833
434.91 ,0.40459257,23.18144669,,13.84727844
435.49 ,0.405090729,23.2099891,,13.84389196
436.07 ,0.40558976,23.23858147,,13.84048823
436.65 ,0.406088798,23.26717422,,13.83707627
437.23 ,0.406588417,23.29580031,,13.83364728
437.81 ,0.407088618,23.32445972,,13.83021025
438.39 ,0.40758911,23.35313576,,13.82675461
438.97 ,0.408089889,23.38182831,,13.82329113
439.55 ,0.408591247,23.41055397,,13.81981183
440.13 ,0.409093182,23.43931274,,13.81632234
440.71 ,0.409595401,23.46808777,,13.81281471
441.29 ,0.410098196,23.4968958,,13.80929785
441.87 ,0.410601271,23.5257199,,13.80576309
442.45 ,0.41110492,23.55457688,,13.8022211
443.04 ,0.411608847,23.58344974,,13.7986622
443.62 ,0.412113345,23.61235537,,13.79509196
444.20 ,0.412618415,23.64129375,,13.79150606
444.78 ,0.413124057,23.67026485,,13.78791157
445.36 ,0.413629969,23.69925153,,13.7843024
445.94 ,0.414136451,23.72827081,,13.78068056
446.52 ,0.414643202,23.75730546,,13.77704352
447.10 ,0.415150519,23.7863726,,13.77339347
447.68 ,0.415658403,23.8154722,,13.76973361
448.26 ,0.41616655,23.84458691,,13.76605714
448.84 ,0.416675262,23.87373396,,13.76237029
449.42 ,0.417184538,23.90291333,,13.75866612
450.00 ,0.417694378,23.93212499,,13.7549543
450.58 ,0.418204476,23.96135142,,13.75122289
451.16 ,0.418715134,23.99061002,,13.74747985
451.74 ,0.419226354,24.01990076,,13.74372169
452.33 ,0.419738134,24.04922361,,13.73995461
452.91 ,0.420250475,24.07857854,,13.73616846
453.49 ,0.420763375,24.10796554,,13.73236943
454.07 ,0.421276524,24.13736684,,13.72855409
454.65 ,0.421790541,24.16681784,,13.72472781
455.23 ,0.422305116,24.19630082,,13.72088378
455.81 ,0.422819937,24.22579789,,13.71702736
456.39 ,0.423335626,24.2553447,,13.71315514
456.97 ,0.423851559,24.28490546,,13.70927156
457.55 ,0.42436836,24.31451599,,13.70536753
458.13 ,0.424885717,24.34415836,,13.70145485
458.71 ,0.425403629,24.37383253,,13.69751867
459.29 ,0.425922095,24.40353847,,13.69357575
459.87 ,0.426441116,24.43327616,,13.68961129
460.45 ,0.426961008,24.46306375,,13.68563161
461.04 ,0.427481453,24.4928831,,13.68163983
461.62 ,0.428002453,24.52273419,,13.67762938
462.20 ,0.428524006,24.55261697,,13.67360708
462.78 ,0.429046112,24.58253141,,13.66956476
463.36 ,0.42956909,24.61249589,,13.66550846
463.94 ,0.430092622,24.64249205,,13.66143322
464.52 ,0.430617029,24.67253835,,13.65734669
465.10 ,0.431141989,24.70261634,,13.65323912
465.68 ,0.431667502,24.73272599,,13.64911651
466.26 ,0.432193891,24.76288589,,13.6449772
466.84 ,0.432721159,24.79309611,,13.64082154
467.42 ,0.433248654,24.82331936,,13.63664626
468.00 ,0.433777355,24.85361171,,13.63245655
468.58 ,0.43430661,24.88393578,,13.62824754
469.1643,0.434836419,24.91429156,,
469.745,0.435367109,24.94469788,,
470.3256,0.435898683,24.97515482,,
